reason,product_name,version,doc_url,zip_url
api_no_folder_path,ibi™ WebFOCUS® DSML Services,9.0.2,https://docs.tibco.com/products/tibco-webfocus-dsml-services-9-0-2,https://docs.tibco.com/pub/dsml/tibco-webfocus-dsml-services-9-0-2_documentation.zip
api_no_folder_path,TIBCO ActiveMatrix BusinessWorks™ Plug-in for B2B,1.1.0,https://docs.tibco.com/products/tibco-activematrix-businessworks-plug-in-for-b2b-1-1-0,https://docs.tibco.com/pub/bwpluginb2b/tibco-activematrix-businessworks-plug-in-for-b2b-1-1-0_documentation.zip
api_no_folder_path,TIBCO ActiveMatrix BusinessWorks™ Plug-in for Files for Unix and Windows,8.1.0,https://docs.tibco.com/products/tibco-activematrix-businessworks-plug-in-for-files-for-unix-and-windows-8-1-0,https://docs.tibco.com/pub/bwpluginfiles/tibco-activematrix-businessworks-plug-in-for-files-for-unix-and-windows-8-1-0_documentation.zip
api_no_folder_path,TIBCO ActiveMatrix BusinessWorks™ Plug-in for Microsoft Excel,6.1.0,https://docs.tibco.com/products/tibco-activematrix-businessworks-plug-in-for-microsoft-excel-6-1-0,https://docs.tibco.com/pub/bwpluginexcel/tibco-activematrix-businessworks-plug-in-for-microsoft-excel-6-1-0_documentation.zip
api_no_folder_path,TIBCO ActiveMatrix BusinessWorks™ Plug-in for Oracle E-Business Suite,6.1.1,https://docs.tibco.com/products/tibco-activematrix-businessworks-plug-in-for-oracle-e-business-suite-6-1-1,https://docs.tibco.com/pub/bwpluginoracleebs/tibco-activematrix-businessworks-plug-in-for-oracle-e-business-suite-6-1-1_documentation.zip
api_no_folder_path,TIBCO ActiveMatrix BusinessWorks™ Plug-in for Oracle E-Business Suite,6.1.0,https://docs.tibco.com/products/tibco-activematrix-businessworks-plug-in-for-oracle-e-business-suite-6-1-0,https://docs.tibco.com/pub/activematrix_businessworks_plugin_for_oracle_e-business_suite/tibco-activematrix-businessworks-plug-in-for-oracle-e-business-suite-6-1-0_documentation.zip
api_no_folder_path,TIBCO ActiveMatrix BusinessWorks™ Plug-in for Oracle E-Business Suite,6.0.0,https://docs.tibco.com/products/tibco-activematrix-businessworks-plug-in-for-oracle-e-business-suite-6-0-0,https://docs.tibco.com/pub/bwpluginoracleebs/tibco-activematrix-businessworks-plug-in-for-oracle-e-business-suite-6-0-0_documentation.zip
api_no_folder_path,TIBCO ActiveMatrix BusinessWorks™ Plug-in for REST and JSON,2.0.0,https://docs.tibco.com/products/tibco-activematrix-businessworks-plug-in-for-rest-and-json-2-0-0,https://docs.tibco.com/pub/activematrix-businessworks-plugin-for-rest-and-json/tibco-activematrix-businessworks-plug-in-for-rest-and-json-2-0-0_documentation.zip
api_no_folder_path,TIBCO ActiveMatrix BusinessWorks™ Plug-in for REST and JSON,1.1.1,https://docs.tibco.com/products/tibco-activematrix-businessworks-plug-in-for-rest-and-json-1-1-1,https://docs.tibco.com/pub/activematrix-businessworks-plugin-for-rest-and-json/tibco-activematrix-businessworks-plug-in-for-rest-and-json-1-1-1_documentation.zip
api_no_folder_path,TIBCO ActiveMatrix BusinessWorks™ Plug-in for REST and JSON,1.1.0,https://docs.tibco.com/products/tibco-activematrix-businessworks-plug-in-for-rest-and-json-1-1-0,https://docs.tibco.com/pub/activematrix-businessworks-plugin-for-rest-and-json/tibco-activematrix-businessworks-plug-in-for-rest-and-json-1-1-0_documentation.zip
api_no_folder_path,TIBCO ActiveMatrix BusinessWorks™ Plug-in for ServiceNow,6.0.0,https://docs.tibco.com/products/tibco-activematrix-businessworks-plug-in-for-servicenow-6-0-0,https://docs.tibco.com/pub/bwpluginservicenow/tibco-activematrix-businessworks-plug-in-for-servicenow-6-0-0_documentation.zip
api_no_folder_path,TIBCO BusinessConnect™ Container Edition - ebXML Protocol,1.0.0,https://docs.tibco.com/products/tibco-businessconnect-container-edition-ebxml-protocol-1-0-0,https://docs.tibco.com/pub/bcce-ebxml/tibco-businessconnect-container-edition-ebxml-protocol-1-0-0_documentation.zip
api_no_folder_path,TIBCO BusinessConnect™ Container Edition - EDI Protocol HIPAA Edition powered by Instream®,1.0.0,https://docs.tibco.com/products/tibco-businessconnect-container-edition-edi-protocol-hipaa-edition-powered-by-instream-1-0-0,https://docs.tibco.com/pub/bcce-edihipaa/tibco-businessconnect-container-edition-edi-protocol-hipaa-edition-powered-by-instream-1-0-0_documentation.zip
api_no_folder_path,TIBCO BusinessConnect™ Container Edition - SOAP Protocol,1.0.0,https://docs.tibco.com/products/tibco-businessconnect-container-edition-soap-protocol-1-0-0,https://docs.tibco.com/pub/bcce-soap/tibco-businessconnect-container-edition-soap-protocol-1-0-0_documentation.zip
api_no_folder_path,TIBCO Cloud™,Cloud™,https://docs.tibco.com/products/tibco-cloud,
api_no_folder_path,TIBCO Cloud™ Administration,Administration,https://docs.tibco.com/products/tibco-cloud-administration,
api_no_folder_path,TIBCO Cloud™ Events,Events,https://docs.tibco.com/products/tibco-cloud-events,
api_no_folder_path,TIBCO Cloud™ Live Apps,Apps,https://docs.tibco.com/products/tibco-cloud-live-apps,
api_no_folder_path,TIBCO Cloud™ Messaging,Messaging,https://docs.tibco.com/products/tibco-cloud-messaging,
api_no_folder_path,TIBCO Cloud™ Metadata,Metadata,https://docs.tibco.com/products/tibco-cloud-metadata,
api_no_folder_path,TIBCO Cloud™ Nimbus® Essentials,Essentials,https://docs.tibco.com/products/tibco-cloud-nimbus-essentials,
api_no_folder_path,TIBCO Cloud™ Nimbus® Professional,Professional,https://docs.tibco.com/products/tibco-cloud-nimbus-professional,
api_no_folder_path,TIBCO Cloud™ Passport,Passport,https://docs.tibco.com/products/tibco-cloud-passport,
api_no_folder_path,TIBCO EBX® Cloud Enterprise,1.0.0,https://docs.tibco.com/products/tibco-ebx-cloud-enterprise-1-0-0,https://docs.tibco.com/pub/ebxcloudenterprise/tibco-ebx-cloud-enterprise-1-0-0_documentation.zip
api_no_folder_path,TIBCO Flogo® Connector for Amazon Redshift,2.1.0,https://docs.tibco.com/products/tibco-flogo-connector-for-amazon-redshift-2-1-0,
api_no_folder_path,TIBCO Flogo® Connector for Google Docs,1.1.0,https://docs.tibco.com/products/tibco-flogo-connector-for-google-docs-1-1-0,
api_no_folder_path,TIBCO Flogo® Connector for Greenplum Database,2.1.0,https://docs.tibco.com/products/tibco-flogo-connector-for-greenplum-database-2-1-0,
api_no_folder_path,TIBCO Flogo® Connector for Salesforce.com,1.3.3,https://docs.tibco.com/products/tibco-flogo-connector-for-salesforce-com-1-3-3,
api_no_folder_path,TIBCO iProcess® Server Objects (Java),11.9.0,https://docs.tibco.com/products/tibco-iprocess-server-objects-java-11-9-0,https://docs.tibco.com/pub/ip-srvrobj-java/tibco-iprocess-server-objects-java-11-9-0_documentation.zip
api_no_folder_path,TIBCO Scribe®,Online,https://docs.tibco.com/products/tibco-scribe,
api_no_folder_path,TIBCO Spotfire® Capability Matrix,14.8.0,https://docs.tibco.com/products/spotfire-capability-matrix-14-8-0,https://docs.tibco.com/pub/sf-cap-mtx/spotfire-capability-matrix-14-8-0_documentation.zip
api_no_folder_path,TIBCO Spotfire® Capability Matrix,14.7.0,https://docs.tibco.com/products/spotfire-capability-matrix-14-7-0,https://docs.tibco.com/pub/sf-cap-mtx/spotfire-capability-matrix-14-7-0_documentation.zip
api_no_folder_path,TIBCO Spotfire® Capability Matrix,14.6.0,https://docs.tibco.com/products/spotfire-capability-matrix-14-6-0,https://docs.tibco.com/pub/sf-cap-mtx/spotfire-capability-matrix-14-6-0_documentation.zip
api_no_folder_path,TIBCO Spotfire® Capability Matrix,14.5.0,https://docs.tibco.com/products/spotfire-capability-matrix-14-5-0,https://docs.tibco.com/pub/sf-cap-mtx/spotfire-capability-matrix-14-5-0_documentation.zip
api_no_folder_path,TIBCO Spotfire® Capability Matrix,14.1.0,https://docs.tibco.com/products/spotfire-capability-matrix-14-1-0,https://docs.tibco.com/pub/sf-cap-mtx/spotfire-capability-matrix-14-1-0_documentation.zip
api_no_folder_path,TIBCO® Cloud Integration (iPaaS),(iPaaS),https://docs.tibco.com/products/tibco-cloud-integration-ipaas,
api_no_folder_path,TIBCO® Fulfillment Orchestration Suite,1.0.0,https://docs.tibco.com/products/tibco-fulfillment-orchestration-suite-1-0-0,
api_no_folder_path,TIBCO® Health Essentials Cloud,Cloud,https://docs.tibco.com/products/tibco-health-essentials-cloud,https://docs.tibco.com/pub/hec/tibco-health-essentials-cloud_documentation.zip
api_no_folder_path,TIBCO® Managed File Transfer Platform Server for z/Linux,7.2.0,https://docs.tibco.com/products/tibco-managed-file-transfer-platform-server-for-z-linux-7-2-0,https://docs.tibco.com/pub/managed-file-transfer-platform-server-for-zlinux/tibco-managed-file-transfer-platform-server-for-z-linux-7-2-0_documentation.zip
api_no_folder_path,TIBCO® Managed File Transfer Platform Server for z/Linux,7.1.0,https://docs.tibco.com/products/tibco-managed-file-transfer-platform-server-for-z-linux-7-1-0,https://docs.tibco.com/pub/managed-file-transfer-platform-server-for-zlinux/tibco-managed-file-transfer-platform-server-for-z-linux-7-1-0_documentation.zip
api_no_folder_path,TIBCO® Orchestra Networks,Networks,https://docs.tibco.com/products/tibco-orchestra-networks,
zip_http_200,Adapter Code for TIBCO® API Exchange and Joomla!,2.3.4,https://docs.tibco.com/products/adapter-code-for-tibco-api-exchange-and-joomla-2-3-4,https://docs.tibco.com/pub/api-exchange-joomla-adapter/2.3.4/adapter-code-for-tibco-api-exchange-and-joomla-2-3-4_documentation.zip
zip_http_200,Adapter Code for TIBCO® API Exchange and Joomla!,2.3.3,https://docs.tibco.com/products/adapter-code-for-tibco-api-exchange-and-joomla-2-3-3,https://docs.tibco.com/pub/api-exchange-joomla-adapter/2.3.3/adapter-code-for-tibco-api-exchange-and-joomla-2-3-3_documentation.zip
zip_http_200,ibi™ WebFOCUS® DSML Services - Container Edition,1.0.7,https://docs.tibco.com/products/ibi-webfocus-dsml-services-container-edition-1-0-7,https://docs.tibco.com/pub/dsmlce/1.0.7/ibi-webfocus-dsml-services-container-edition-1-0-7_documentation.zip
zip_http_200,Spotfire® for Apple iOS,2.9.2,https://docs.tibco.com/products/tibco-spotfire-for-apple-ios-2-9-2,https://docs.tibco.com/pub/sf_ipad/2.9.2/tibco-spotfire-for-apple-ios-2-9-2_documentation.zip
zip_http_200,Spotfire® Service for Python,1.12.3,https://docs.tibco.com/products/tibco-spotfire-service-for-python-1-12-3,https://docs.tibco.com/pub/sf-pysrv/1.12.3/tibco-spotfire-service-for-python-1-12-3_documentation.zip
zip_http_200,Spotfire® Service for Python,1.3.9,https://docs.tibco.com/products/tibco-spotfire-service-for-python-1-3-9,https://docs.tibco.com/pub/sf-pysrv/1.3.9/tibco-spotfire-service-for-python-1-3-9_documentation.zip
zip_http_200,TIBCO ActiveMatrix® BPM - Mobilespace for iOS 1.0.0,1.0.0,https://docs.tibco.com/products/tibco-activematrix-bpm-mobilespace-for-ios-1-0-0,https://docs.tibco.com/pub/bpm-ios/1.0.0/tibco-activematrix-bpm-mobilespace-for-ios-1-0-0_documentation.zip
zip_http_200,TIBCO ActiveMatrix® Implementation Type for C++,3.2.0,https://docs.tibco.com/products/tibco-activematrix-implementation-type-for-c++-3-2-0,https://docs.tibco.com/pub/activematrix_implementation_type_for_cpp/3.2.0_august_2012/tibco-activematrix-implementation-type-for-c++-3-2-0_documentation.zip
zip_http_200,TIBCO ActiveMatrix® Implementation Type for C++,3.1.2,https://docs.tibco.com/products/tibco-activematrix-implementation-type-for-c++-3-1-2,https://docs.tibco.com/pub/activematrix_implementation_type_for_cpp/3.1.2_april_2011/tibco-activematrix-implementation-type-for-c++-3-1-2_documentation.zip
zip_http_200,TIBCO ActiveMatrix® Implementation Type for C++,3.0.1,https://docs.tibco.com/products/tibco-activematrix-implementation-type-for-c++-3-0-1,https://docs.tibco.com/pub/activematrix_implementation_type_for_cpp/3.0.1_august_2010/tibco-activematrix-implementation-type-for-c++-3-0-1_documentation.zip
zip_http_200,TIBCO ActiveMatrix® Implementation Type for C++,3.0.0,https://docs.tibco.com/products/tibco-activematrix-implementation-type-for-c++-3-0-0,https://docs.tibco.com/pub/activematrix_implementation_type_for_cpp/3.0.0_may_2010/tibco-activematrix-implementation-type-for-c++-3-0-0_documentation.zip
zip_http_200,TIBCO ActiveMatrix® Implementation Type for C++,1.1.0,https://docs.tibco.com/products/tibco-activematrix-implementation-type-for-c++-1-1-0,https://docs.tibco.com/pub/activematrix_implementation_type_for_cpp/1.1.0_february_2009/tibco-activematrix-implementation-type-for-c++-1-1-0_documentation.zip
zip_http_200,TIBCO Business Studio™ - Community Edition,4.2.0,https://docs.tibco.com/products/tibco-business-studio-community-edition-4-2-0,https://docs.tibco.com/pub/business-studio-community-edition/4.2.0/tibco-business-studio-community-edition-4-2-0_documentation.zip
zip_http_200,TIBCO BusinessWorks™ Collaborator,5.6.0,https://docs.tibco.com/products/tibco-businessworks-collaborator-5-6-0,https://docs.tibco.com/pub/businessworks_collaborator/5.6.0_june_2012/tibco-businessworks-collaborator-5-6-0_documentation.zip
zip_http_200,TIBCO BusinessWorks™ Container Edition Buildpack for PCF,2.2.1,https://docs.tibco.com/products/tibco-businessworks-container-edition-buildpack-for-pcf-2-2-1,https://docs.tibco.com/pub/bwce-pcf/2.2.1/tibco-businessworks-container-edition-buildpack-for-pcf-2-2-1_documentation.zip
zip_http_200,TIBCO BusinessWorks™ FormBuilder,5.3,https://docs.tibco.com/products/tibco-formbuilder-5-3,https://docs.tibco.com/pub/formbuilder/5.3.0_march_2007/tibco-formbuilder-5-3_documentation.zip
zip_http_200,TIBCO BusinessWorks™ FormBuilder,5.3.2,https://docs.tibco.com/products/tibco-businessworks-formbuilder-5-3-2,https://docs.tibco.com/pub/formbuilder/5.3.2/tibco-businessworks-formbuilder-5-3-2_documentation.zip
zip_http_200,TIBCO BusinessWorks™ FormBuilder,5.3.1,https://docs.tibco.com/products/tibco-businessworks-formbuilder-5-3-1,https://docs.tibco.com/pub/formbuilder/5.3.1/tibco-businessworks-formbuilder-5-3-1_documentation.zip
zip_http_200,TIBCO BusinessWorks™ ProcessMonitor,3.1.0,https://docs.tibco.com/products/tibco-businessworks-processmonitor-3-1-0,https://docs.tibco.com/pub/bwpm/3.1.0//tibco-businessworks-processmonitor-3-1-0_documentation.zip
zip_http_200,TIBCO BusinessWorks™ ProcessMonitor,3.0.2,https://docs.tibco.com/products/tibco-businessworks-processmonitor-3-0-2,https://docs.tibco.com/pub/bwpm/3.0.2/tibco-businessworks-processmonitor-3-0-2_documentation.zip
zip_http_200,TIBCO BusinessWorks™ ProcessMonitor,3.0.1,https://docs.tibco.com/products/tibco-businessworks-processmonitor-3-0-1,https://docs.tibco.com/pub/bwpm/3.0.1/tibco-businessworks-processmonitor-3-0-1_documentation.zip
zip_http_200,TIBCO BusinessWorks™ ProcessMonitor,3.0.0,https://docs.tibco.com/products/tibco-businessworks-processmonitor-3-0-0,https://docs.tibco.com/pub/bwpm/3.0.0/tibco-businessworks-processmonitor-3-0-0_documentation.zip
zip_http_200,TIBCO BusinessWorks™ ProcessMonitor,2.2.1,https://docs.tibco.com/products/tibco-businessworks-processmonitor-2-2-1,https://docs.tibco.com/pub/businesswork_process_monitor/2.2.1-mar-2014/tibco-businessworks-processmonitor-2-2-1_documentation.zip
zip_http_200,TIBCO BusinessWorks™ ProcessMonitor,2.2.0,https://docs.tibco.com/products/tibco-businessworks-processmonitor-2-2-0,https://docs.tibco.com/pub/businesswork_process_monitor/2.2.0_November_2013/tibco-businessworks-processmonitor-2-2-0_documentation.zip
zip_http_200,TIBCO BusinessWorks™ ProcessMonitor,2.1.2,https://docs.tibco.com/products/tibco-businessworks-processmonitor-2-1-2,https://docs.tibco.com/pub/businesswork_process_monitor/2.1.2_may-2013/tibco-businessworks-processmonitor-2-1-2_documentation.zip
zip_http_200,TIBCO BusinessWorks™ ProcessMonitor,2.1.0,https://docs.tibco.com/products/tibco-businessworks-processmonitor-2-1-0,https://docs.tibco.com/pub/businesswork_process_monitor/2.1.0-february-2013/tibco-businessworks-processmonitor-2-1-0_documentation.zip
zip_http_200,TIBCO BusinessWorks™ ProcessMonitor,2.0.0,https://docs.tibco.com/products/tibco-businessworks-processmonitor-2-0-0,https://docs.tibco.com/pub/businesswork_process_monitor/2.0.0_november_2012/tibco-businessworks-processmonitor-2-0-0_documentation.zip
zip_http_200,TIBCO Cloud™ Spotfire® 14.6.0,14.6.0,https://docs.tibco.com/products/tibco-cloud-spotfire-14-6-0,https://docs.tibco.com/pub/sfire-cloud/14.6.0/tibco-cloud-spotfire-14-6-0_documentation.zip
zip_http_200,TIBCO eFTL™ - Enterprise Edition,6.10.2,https://docs.tibco.com/products/tibco-eftl-enterprise-edition-6-10-2,https://docs.tibco.com/pub/eftl/6.10.2/tibco-eftl-enterprise-edition-6-10-2_documentation.zip
zip_http_200,TIBCO Flogo®,2.24.0,https://docs.tibco.com/products/tibco-flogo-enterprise-2-24-0,https://docs.tibco.com/pub/flogo/2.24.0/tibco-flogo-enterprise-2-24-0_documentation.zip
zip_http_200,TIBCO Flogo® Connector for Microsoft Azure Data Factory,1.1.1,https://docs.tibco.com/products/tibco-flogo-connector-for-microsoft-azure-data-factory-1-1-1,https://docs.tibco.com/pub/flogo-azdatafactory/1.1.1/tibco-flogo-connector-for-microsoft-azure-data-factory-1-1-1_documentation.zip
zip_http_200,TIBCO Foresight® Translator Attachment Adapter,1.1.0,https://docs.tibco.com/products/tibco-foresight-translator-claims-attachment-adapter-1-1-0,https://docs.tibco.com/pub/fs_translator_clm_attch_adapter/1.1.0/tibco-foresight-translator-claims-attachment-adapter-1-1-0_documentation.zip
zip_http_200,TIBCO Foresight® Translator Attachment Adapter,1.0.0,https://docs.tibco.com/products/tibco-foresight-translator-claims-attachment-adapter-1-0-0,https://docs.tibco.com/pub/fs_translator_clm_attch_adapter/1.0.0/tibco-foresight-translator-claims-attachment-adapter-1-0-0_documentation.zip
zip_http_200,TIBCO FTL® - Enterprise Edition,6.10.2,https://docs.tibco.com/products/tibco-ftl-enterprise-edition-6-10-2,https://docs.tibco.com/pub/ftl/6.10.2/tibco-ftl-enterprise-edition-6-10-2_documentation.zip
zip_http_200,TIBCO Hawk® Database Adapter,5.1.0,https://docs.tibco.com/products/tibco-hawk-database-adapter-5-1-0,https://docs.tibco.com/pub/hawk_database_adapter/5.1.0/tibco-hawk-database-adapter-5-1-0_documentation.zip
zip_http_200,TIBCO iProcess® Suite,1.0.0,https://docs.tibco.com/products/tibco-iprocess-suite-1-0-0,https://docs.tibco.com/pub/iprocess/1.0.0/tibco-iprocess-suite-1-0-0_documentation.zip
zip_http_200,TIBCO Nimbus™ Storyboard Player,3.0.0,https://docs.tibco.com/products/tibco-nimbus-storyboard-player-3-0-0,https://docs.tibco.com/pub/nimbus-iphone/3.0.0/tibco-nimbus-storyboard-player-3-0-0_documentation.zip
zip_http_200,TIBCO OpenSpirit® ArcGIS Extension,2010,https://docs.tibco.com/products/tibco-openspirit-arcgis-extension-2010,https://docs.tibco.com/pub/openspirit-arcgis-extension/2010-march-2011/tibco-openspirit-arcgis-extension-2010_documentation.zip
zip_http_200,TIBCO OpenSpirit® Copy Rule Manager,2015.1.0,https://docs.tibco.com/products/tibco-openspirit-copy-rule-manager-2015-1-0,https://docs.tibco.com/pub/os-copy-rm/2015.1.0/tibco-openspirit-copy-rule-manager-2015-1-0_documentation.zip
zip_http_200,TIBCO OpenSpirit® Scan for Studio,6.0.0,https://docs.tibco.com/products/tibco-openspirit-scan-for-studio-6-0-0,https://docs.tibco.com/pub/os-scan-studio/6.0.0/tibco-openspirit-scan-for-studio-6-0-0_documentation.zip
zip_http_200,TIBCO OpenSpirit® Web Server 2008,2008,https://docs.tibco.com/products/tibco-openspirit-web-server-2008,https://docs.tibco.com/pub/openspirit-web-server/2008-december-2008/tibco-openspirit-web-server-2008_documentation.zip
zip_http_200,TIBCO Service Gateway™ for Files,6.0.0,https://docs.tibco.com/products/tibco-service-gateway-for-files-6-0-0,https://docs.tibco.com/pub/service-gateway-for-files/6.0.0-july-2012/tibco-service-gateway-for-files-6-0-0_documentation.zip
zip_http_200,TIBCO Service Gateway™ for Files,5.3.0,https://docs.tibco.com/products/tibco-service-gateway-for-files-5-3-0,https://docs.tibco.com/pub/service-gateway-for-files/5.3.0-august-2011/tibco-service-gateway-for-files-5-3-0_documentation.zip
zip_http_200,TIBCO Service Gateway™ for Files,5.2.0,https://docs.tibco.com/products/tibco-service-gateway-for-files-5-2-0,https://docs.tibco.com/pub/service-gateway-for-files/5.2.0-august-2010/tibco-service-gateway-for-files-5-2-0_documentation.zip
zip_http_200,TIBCO Service Gateway™ for Files,5.1.0,https://docs.tibco.com/products/tibco-service-gateway-for-files-5-1-0,https://docs.tibco.com/pub/service-gateway-for-files/5.1.0-january-2009/tibco-service-gateway-for-files-5-1-0_documentation.zip
zip_http_200,TIBCO Spotfire® Capability Matrix,14.4.0,https://docs.tibco.com/products/spotfire-capability-matrix-14-4-0,https://docs.tibco.com/pub/sf-cap-mtx/Spotfire 14.4.0 Capability Matrix.pdf/spotfire-capability-matrix-14-4-0_documentation.zip
zip_http_200,TIBCO Spotfire® Capability Matrix,12.3.0,https://docs.tibco.com/products/tibco-spotfire-capability-matrix-12-3-0,https://docs.tibco.com/pub/sf-cap-mtx/TIBCO Spotfire 12.3.0 Capability Matrix.pdf/tibco-spotfire-capability-matrix-12-3-0_documentation.zip
zip_http_200,TIBCO Spotfire® Developer,Developer,https://docs.tibco.com/products/tibco-spotfire-developer,https://docs.tibco.com/pub/sfire_dev/area/tibco-spotfire-developer_documentation.zip
zip_http_200,TIBCO® Fulfillment Provisioning Load Balancer,3.9,https://docs.tibco.com/products/tibco-fulfillment-provisioning-load-balancer-3-9,https://docs.tibco.com/pub/kpsa-load-balancer/3.9.0-may-2013/tibco-fulfillment-provisioning-load-balancer-3-9_documentation.zip
zip_http_200,TIBCO® Fulfillment Provisioning Load Balancer,3.9.1,https://docs.tibco.com/products/tibco-fulfillment-provisioning-load-balancer-3-9-1,https://docs.tibco.com/pub/fp-lb/3.9.1/tibco-fulfillment-provisioning-load-balancer-3-9-1_documentation.zip
zip_http_200,TIBCO® Fulfillment Provisioning Load Balancer,3.7,https://docs.tibco.com/products/tibco-kpsa-load-balancer-3-7,https://docs.tibco.com/pub/kpsa-load-balancer/3.7.0-may-2011/tibco-kpsa-load-balancer-3-7_documentation.zip
zip_http_200,TIBCO® Fulfillment Studio,1.0,https://docs.tibco.com/products/tibco-fulfillment-studio-1-0,https://docs.tibco.com/pub/fulfillment-studio/1.0.0-april-2013/tibco-fulfillment-studio-1-0_documentation.zip
zip_http_200,TIBCO® Mainframe WebUI,2.2.0,https://docs.tibco.com/products/tibco-mainframe-webui-2-2-0,https://docs.tibco.com/pub/mainframewebui/2.2.0/tibco-mainframe-webui-2-2-0_documentation.zip
zip_http_200,TIBCO® Messaging,1.23.0,https://docs.tibco.com/products/tibco-messaging-1-23-0,https://docs.tibco.com/pub/messaging-suite/1.23.0/tibco-messaging-1-23-0_documentation.zip
zip_http_200,TIBCO® Reward,21.4.0,https://docs.tibco.com/products/tibco-reward-21-4-0,https://docs.tibco.com/pub/loyalty/21.4.0/tibco-reward-21-4-0_documentation.zip
zip_http_200,TIBCO® Reward,21.3.0,https://docs.tibco.com/products/tibco-reward-21-3-0,https://docs.tibco.com/pub/loyalty/21.3.0/tibco-reward-21-3-0_documentation.zip
zip_http_200,TIBCO® Reward,20.3.0,https://docs.tibco.com/products/tibco-reward-20-3-0,https://docs.tibco.com/pub/loyalty/20.3.0/tibco-reward-20-3-0_documentation.zip
zip_http_200,TIBCO® Reward,20.1.0,https://docs.tibco.com/products/tibco-reward-20-1-0,https://docs.tibco.com/pub/loyalty/20.1.0/tibco-reward-20-1-0_documentation.zip
zip_http_200,TIBCO® Reward,19.3.1,https://docs.tibco.com/products/tibco-reward-19-3-1,https://docs.tibco.com/pub/loyalty/19.3.1/tibco-reward-19-3-1_documentation.zip
zip_http_200,TIBCO® Reward,18.3.1,https://docs.tibco.com/products/tibco-reward-18-3-1,https://docs.tibco.com/pub/loyalty/18.3.1/tibco-reward-18-3-1_documentation.zip
zip_http_200,TIBCO® Reward,17.4.1,https://docs.tibco.com/products/tibco-reward-17-4-1,https://docs.tibco.com/pub/loyalty/17.4.1/tibco-reward-17-4-1_documentation.zip
zip_http_200,TIBCO® Reward,17.4.0,https://docs.tibco.com/products/tibco-reward-17-4-0,https://docs.tibco.com/pub/loyalty/17.4.0/tibco-reward-17-4-0_documentation.zip
zip_http_200,TIBCO® RTView®,6.8.0,https://docs.tibco.com/products/tibco-rtview-6-8-0,https://docs.tibco.com/pub/rtview/6.8.0/tibco-rtview-6-8-0_documentation.zip
zip_http_200,TIBCO® RTView®,6.0.0,https://docs.tibco.com/products/tibco-rtview-6-0-0,https://docs.tibco.com/pub/rtview/6.0.0-february-2012/tibco-rtview-6-0-0_documentation.zip
zip_http_200,TIBCO® RTView®,5.9.1,https://docs.tibco.com/products/tibco-rtview-5-9-1,https://docs.tibco.com/pub/rtview/5.9.1-august-2011/tibco-rtview-5-9-1_documentation.zip
