file_path,table_index,row_count,col_count,categories,high_risk,near_heading,other_block_tags,content_preview
pub/bwplugin-cawscs/6.1.1/doc/html/installation/installation-modes.htm,1,4,3,SIMPLE,,Installation Modes and Procedures,,"Installation Mode Description Reference GUI In GUI mode, the installer contains panels where you can select a product, p"
pub/bwplugin-cawscs/6.1.1/doc/html/installation/installation-troubleshooting.htm,1,4,2,SIMPLE,,Troubleshooting Installation,,Platform Location Microsoft Windows C:\Users\ username \.TIBCO\ install_timestamp Linux user_home_dir /.TIBCO/ install_t
pub/bwplugin-cawscs/6.1.1/doc/html/installation/plugin-adding-to-bwce.htm,1,2,2,LIST_IN_CELL,,Adding the Plug-in to TIBCO BusinessWorks™ Container Edition,,Platform Reference Docker or Docker-based platforms Application Development for Docker section: Creating the TIBCO Busin
pub/bwplugin-cawscs/6.1.1/doc/html/installation/plugin-installation-components.htm,1,3,2,MULTI_PARAGRAPH|NOTE_OR_ADMONITION,HIGH_RISK — confirmed silent content loss,Installation Components and Profiles,,Component Description TIBCO ActiveMatrix BusinessWorks™ Plug-in Component for AWS Common Services Design This component 
pub/bwplugin-cawscs/6.1.1/doc/html/installation/plugin-installation-environment.htm,1,4,2,SIMPLE,,Installation Environment,,Property Description Directory Identifies the directory where the product is installed. TIBCO_HOME It is the top-level i
pub/bwplugin-cawscs/6.1.1/doc/html/installation/plugin-installation-requirements.htm,1,4,2,SIMPLE,,Installation Account and Permission Requirements,,Platform Account Privileges Microsoft Windows Only users with administrator privileges can install the plug-in. If you d
pub/bwplugin-cawscs/6.1.1/doc/html/installation/plugin-installation-requirements.htm,2,3,2,MULTI_PARAGRAPH,,Software Requirements,,Software Description TIBCO ActiveMatrix BusinessWorks™ Required. ActiveMatrix BusinessWorks supports your integration pr
pub/bwplugin-cawscs/6.1.1/doc/html/installation/plugin-installation-update-sites.htm,1,4,3,SIMPLE,,Installing by Using an Update Site,,Installation method Description Reference Public update site You can install the plug-in from within TIBCO Business Stud
pub/bwplugin-cawscs/6.1.1/doc/html/installation/plugin-installing-local-update-site.htm,1,3,2,SIMPLE,,Installing the Plug-in by Using a Local Update Site or Directory,,Platform Step Microsoft Windows Click Start > All Programs > TIBCO > TIBCO_HOME > TIBCO Business Studio <version> > Stud
pub/bwplugin-cawscs/6.1.1/doc/html/installation/plugin-installing-plugins-manager.htm,1,3,2,SIMPLE,,Installing the Plug-in by Using BusinessWorks Plug-ins Manager,,Platform Step Microsoft Windows Click Start > All Programs > TIBCO > TIBCO_HOME > TIBCO Business Studio <version> > Stud
pub/bwplugin-cawscs/6.1.1/doc/html/installation/plugin-installing-public-update-site.htm,1,3,2,SIMPLE,,Installing the Plug-in by Using the Public Update Site,,Platform Step Microsoft Windows Click Start > All Programs > TIBCO > TIBCO_HOME > TIBCO Business Studio <version> > Stud
pub/bwplugin-cawscs/6.1.1/doc/html/installation/plugin-installing-silent-mode.htm,1,1,3,FAKE_LIST,,,,
pub/bwplugin-cawscs/6.1.1/doc/html/installation/plugin-installing-silent-mode.htm,2,1,3,FAKE_LIST,,,,
pub/bwplugin-cawscs/6.1.1/doc/html/installation/plugin-uninstallation-update-sites.htm,1,3,3,SIMPLE,,Uninstalling by Using an Update Site,,Uninstallation method Description Reference Uninstall using the public update site You can uninstall the plug-in from wi
pub/bwplugin-cawscs/6.1.1/doc/html/installation/plugin-uninstalling-gui-mode.htm,1,3,2,SIMPLE,,Uninstalling in GUI Mode,,Option Description Custom Uninstall You can select the products to be removed. Typical Uninstall You cannot select the p
pub/bwplugin-cawscs/6.1.1/doc/html/installation/plugin-uninstalling-plugins-manager.htm,1,3,2,SIMPLE,,Uninstalling the Plug-in by Using BusinessWorks Plug-ins Manager,,Platform Step Microsoft Windows Click Start > All Programs > TIBCO > TIBCO_HOME > TIBCO Business Studio <version> > Stud
pub/bwplugin-cawscs/6.1.1/doc/html/installation/plugin-uninstalling-silent-mode.htm,1,5,2,CODE_IN_CELL,,Uninstalling in Silent Mode,,Command-Line Options Description uninstallTIBCOHome The path to TIBCO_HOME where you want to run the uninstaller. This v
pub/bwplugin-cawscs/6.1.1/doc/html/installation/plugin-uninstalling-update-site.htm,1,3,2,SIMPLE,,Uninstalling the Plug-in by Using the Public Update Site or Local Update Site,,Platform Step Microsoft Windows Click Start > All Programs > TIBCO > TIBCO_HOME > TIBCO Business Studio <version> > Stud
pub/bwplugin-cawscs/6.1.1/doc/html/users-guide/amazon-common-services-shared-connection-resource.htm,1,4,3,SIMPLE,,General,,Field Module Property? Description Package No Package to be added Name No Name to be displayed as a label for the shared
pub/bwplugin-cawscs/6.1.1/doc/html/users-guide/amazon-common-services-shared-connection-resource.htm,2,3,4,LIST_IN_CELL|NOTE_OR_ADMONITION,HIGH_RISK — confirmed silent content loss,Amazon Connection Configuration,,Condition Applicable Field Module Property? Description N/A AWS Region Name Yes The name of the AWS region to which you 
pub/bwplugin-cawscs/6.1.1/doc/html/users-guide/amazon-common-services-shared-connection-resource.htm,3,16,4,CODE_IN_CELL|LIST_IN_CELL|MERGED_CELLS|MULTI_PARAGRAPH|NOTE_OR_ADMONITION,HIGH_RISK — confirmed silent content loss,Amazon Connection Configuration,,Condition Applicable Field Module Property? Description Available only when the Authentication Type is selected as AWS C
pub/bwplugin-cawscs/6.1.1/doc/html/users-guide/amazon-common-services-shared-connection-resource.htm,4,16,3,MULTI_PARAGRAPH,,Amazon Connection Advanced Configuration,,Field Module Property? Description Client Type No Select between the default or customized AWS client configuration Defa
pub/bwplugin-cawscs/6.1.1/doc/html/users-guide/aws-xpath-functions.htm,1,7,2,SIMPLE,,AWS XPath Functions,,AWS Function Description encrypt Encrypt data by using KMS custom keys with default credentials encrypt-with-crossaccoun
pub/bwplugin-cawscs/6.1.1/doc/html/users-guide/business-studio-overview.htm,1,7,2,CODE_IN_CELL|IMAGE_IN_CELL|LIST_IN_CELL,,Overview of TIBCO Business Studio for BusinessWorks,,"UI Element Description Menu Contains menu items such as File, Edit, Navigate, Search, Project, Run, Window, and Help. To"
pub/bwplugin-cawscs/6.1.1/doc/html/users-guide/creating-a-project.htm,1,3,2,SIMPLE,,Creating a Project,,Platform Step Microsoft Windows Click Start > All Programs > TIBCO > TIBCO_HOME > TIBCO Business Studio <version> > Stud
pub/bwplugin-cawscs/6.1.1/doc/html/users-guide/error-codes.htm,1,6,5,MULTI_PARAGRAPH,,Error Codes,,Error Code and Error Message Role Category Description Resolution TIBCO-BW-PALETTE-AMAZONCS- 500002 IOException occurred
pub/bwplugin-cawscs/6.1.1/doc/html/users-guide/getconnection.htm,1,4,3,LIST_IN_CELL,,General,,Field Module Property? Description Name No Name to be displayed as a label for the activity in the process Amazon Connec
pub/bwplugin-cawscs/6.1.1/doc/html/users-guide/getconnection.htm,2,2,3,SIMPLE,,Description,,Field Module Property? Description Description No Description of the GetConnection activity
pub/bwplugin-cawscs/6.1.1/doc/html/users-guide/getconnection.htm,3,9,3,SIMPLE,,Input,,Input Item Data Type Description key String AccessKeyID of external temporary credentials. secret String SecretAceesKey 
pub/bwplugin-cawscs/6.1.1/doc/html/users-guide/getconnection.htm,4,2,3,SIMPLE,,Output,,Output Item Data Type Description AWSClientAccessor Object AWS Service Client Object for the selected Service
pub/bwplugin-cawscs/6.1.1/doc/html/users-guide/getconnection.htm,5,4,3,MULTI_PARAGRAPH,,Fault,,Error Schema Element Data Type Description Amazon CS Plugin Exception Complex Any exception created by TIBCO BusinessWor
pub/bwplugin-cawscs/6.1.1/doc/html/users-guide/importing-sample-projects.htm,1,3,2,SIMPLE,,Importing Sample Projects,,Platform Step Microsoft Windows Click Start > All Programs > TIBCO > TIBCO_HOME > TIBCO Business Studio <version> > Stud
pub/bwplugin-cawscs/6.1.1/doc/html/users-guide/log-levels.htm,1,6,2,SIMPLE,,Log Levels,,Log Level Description Info Indicates normal plug-in operations. No action is needed. A tracing message tagged with Info 
pub/bwpdk/6.3.1/doc/html/developers-guide/activitynameasynchronousactivity.htm,1,13,2,MERGED_CELLS|MULTI_PARAGRAPH|NOTE_OR_ADMONITION,HIGH_RISK — confirmed silent content loss,[ActivityName]AsynchronousActivity,,Methods Description public void init() Use this method to initialize the activity. This is a BusinessWorks 6 life-cycle 
pub/bwpdk/6.3.1/doc/html/developers-guide/activitynameeventsource.htm,1,8,2,MULTI_PARAGRAPH|NOTE_OR_ADMONITION,HIGH_RISK — confirmed silent content loss,[ActivityName]EventSource,,"Methods Description public synchronized void destroy() Use this method to release or clean resources held by a source, w"
pub/bwpdk/6.3.1/doc/html/developers-guide/activitynamegeneraladvancedcustomizedsection.htm,1,4,2,SIMPLE,,[ActivityName]General/Advanced/ customized Section,,Methods Description protected Class <?> getModelClass() Use this method to specify a representation of a model object. T
pub/bwpdk/6.3.1/doc/html/developers-guide/activitynameschema.htm,1,5,2,NOTE_OR_ADMONITION,HIGH_RISK — confirmed silent content loss,[ActivityName]Schema,,Methods Description public static XSDElementDeclaration getInputType() Use this method to get the input type. public sta
pub/bwpdk/6.3.1/doc/html/developers-guide/activitynamesignature.htm,1,7,2,NOTE_OR_ADMONITION,HIGH_RISK — confirmed silent content loss,[ActivityName]Signature,,Methods Description public boolean hasInput() Returns a value of false when an activity has no input. This is a Business
pub/bwpdk/6.3.1/doc/html/developers-guide/activitynamesynchronousactivity.htm,1,9,2,NOTE_OR_ADMONITION,HIGH_RISK — confirmed silent content loss,[ActivityName]SynchronousActivity,,Methods Description public void init() Use this method to initialize the activity. This is a BusinessWorks 6 life-cycle 
pub/bwpdk/6.3.1/doc/html/developers-guide/adding-and-configuring-activities.htm,1,10,2,IMAGE_IN_CELL|LIST_IN_CELL|MULTI_PARAGRAPH|NOTE_OR_ADMONITION,HIGH_RISK — confirmed silent content loss,Adding and Configuring Activities,,Attributes Description Name Name of the activity. Type Type of the attribute. The following attribute types are supporte
pub/bwpdk/6.3.1/doc/html/developers-guide/design-time-bundle.htm,1,6,2,LIST_IN_CELL|MULTI_PARAGRAPH|NOTE_OR_ADMONITION,HIGH_RISK — confirmed silent content loss,Design-Time Bundle,,Folders and Files Description src Contains the source code of the design-time configurations. A palette package is creat
pub/bwpdk/6.3.1/doc/html/developers-guide/general-problems.htm,1,9,2,CODE_IN_CELL|LIST_IN_CELL|MULTI_PARAGRAPH,,General Problems,,Scenarios Reason/Workaround A refresh error occasionally occurs when generating the plug-in bundles because the project 
pub/bwpdk/6.3.1/doc/html/developers-guide/migration-problems.htm,1,3,2,CODE_IN_CELL|LIST_IN_CELL|MULTI_PARAGRAPH,,Migration Problems,,Scenarios Reason/Workaround The Runtime plug-in displays the following compilation errors: JAXBContext cannot be resolve
pub/bwpdk/6.3.1/doc/html/developers-guide/model-bundle.htm,1,7,2,SIMPLE,,Model Bundle,,Folders and Files Description src Contains the source code of the data model. Use the interface and corresponding implem
pub/bwpdk/6.3.1/doc/html/developers-guide/palettename.htm,1,4,2,SIMPLE,,[PaletteName],,Methods Description public void start() This method is called when the design-time bundle is initialized by Eclipse. Thi
pub/bwpdk/6.3.1/doc/html/developers-guide/palettenameexceptionsschema.htm,1,4,2,SIMPLE,,[PaletteName]ExceptionsSchema,,Methods Description protected InputStream getSchemaAsInputStream() Use this method to get the input stream of the fault 
pub/bwpdk/6.3.1/doc/html/developers-guide/runtime-bundle.htm,1,5,2,LIST_IN_CELL|NOTE_OR_ADMONITION,HIGH_RISK — confirmed silent content loss,Runtime Bundle,,Folders and Files Description src Contains the source code to implement the business logic of each activity. The runtime
pub/bwpdk/6.3.1/doc/html/installation/installation-modes.htm,1,4,3,SIMPLE,,Installation Modes and Procedures,,"Installation Mode Description Reference GUI In GUI mode, the installer contains panels where you can select a product, p"
pub/bwpdk/6.3.1/doc/html/installation/installation-troubleshooting.htm,1,4,2,SIMPLE,,Troubleshooting Installation,,Platform Location Microsoft Windows C:\Users\ username \.TIBCO\ install_timestamp Linux user_home_dir /.TIBCO/ install_t
pub/bwpdk/6.3.1/doc/html/installation/plugin-adding-to-bwce.htm,1,3,2,SIMPLE,,Adding the Plug-in to TIBCO BusinessWorks™ Container Edition,,"Platform Reference Cloud Foundry platform ""The TIBCO BusinessWorks™ Container Edition Buildpack"" Docker or Docker-based "
pub/bwpdk/6.3.1/doc/html/installation/plugin-installation-components.htm,1,3,2,MULTI_PARAGRAPH|NOTE_OR_ADMONITION,HIGH_RISK — confirmed silent content loss,Installation Components and Profiles,,Component Description TIBCO ActiveMatrix BusinessWorks™ Plug-in Development Kit Design This component includes the palet
pub/bwpdk/6.3.1/doc/html/installation/plugin-installation-environment.htm,1,4,2,SIMPLE,,Installation Environment,,Property Description Directory Identifies the directory where the product is installed. TIBCO_HOME It is the top-level i
pub/bwpdk/6.3.1/doc/html/installation/plugin-installation-requirements.htm,1,4,2,SIMPLE,,Installation Account and Permission Requirements,,Platform Account Privileges Microsoft Windows Only users with administrator privileges can install the plug-in. If you d
pub/bwpdk/6.3.1/doc/html/installation/plugin-installation-requirements.htm,2,2,2,MULTI_PARAGRAPH,,Software Requirements,,Software Description TIBCO ActiveMatrix BusinessWorks™ Required. ActiveMatrix BusinessWorks supports your integration pr
pub/bwpdk/6.3.1/doc/html/installation/plugin-installation-update-sites.htm,1,4,3,SIMPLE,,Installing by Using an Update Site,,Installation method Description Reference Install from the public update site You can install the plug-in from within TI
pub/bwpdk/6.3.1/doc/html/installation/plugin-installing-local-update-site.htm,1,3,2,SIMPLE,,Installing the Plug-in by Using a Local Update Site or Directory,,Platform Step Microsoft Windows Click Start > All Programs > TIBCO > TIBCO_HOME > TIBCO Business Studio <version> > Stud
pub/bwpdk/6.3.1/doc/html/installation/plugin-installing-plugins-manager.htm,1,3,2,SIMPLE,,Installing the Plug-in by Using BusinessWorks Plug-ins Manager,,Platform Step Microsoft Windows Click Start > All Programs > TIBCO > TIBCO_HOME > TIBCO Business Studio <version> > Stud
pub/bwpdk/6.3.1/doc/html/installation/plugin-installing-public-update-site.htm,1,3,2,SIMPLE,,Installing the Plug-in by Using the Public Update Site,,Platform Step Microsoft Windows Click Start > All Programs > TIBCO > TIBCO_HOME > TIBCO Business Studio <version> > Stud
pub/bwpdk/6.3.1/doc/html/installation/plugin-installing-silent-mode.htm,1,1,3,FAKE_LIST,,,,
pub/bwpdk/6.3.1/doc/html/installation/plugin-installing-silent-mode.htm,2,1,3,FAKE_LIST,,,,
pub/bwpdk/6.3.1/doc/html/installation/plugin-uninstallation-update-sites.htm,1,3,3,SIMPLE,,Uninstalling by Using an Update Site,,Uninstallation method Description Reference Uninstall using the public update site You can uninstall the plug-in from wi
pub/bwpdk/6.3.1/doc/html/installation/plugin-uninstalling-gui-mode.htm,1,3,2,SIMPLE,,Uninstalling in GUI Mode,,Option Description Custom Uninstall You can select the products to be removed. Typical Uninstall You cannot select the p
pub/bwpdk/6.3.1/doc/html/installation/plugin-uninstalling-plugins-manager.htm,1,3,2,SIMPLE,,Uninstalling the Plug-in by Using BusinessWorks Plug-ins Manager,,Platform Step Microsoft Windows Click Start > All Programs > TIBCO > TIBCO_HOME > TIBCO Business Studio <version> > Stud
pub/bwpdk/6.3.1/doc/html/installation/plugin-uninstalling-silent-mode.htm,1,5,2,CODE_IN_CELL,,Uninstalling in Silent Mode,,Command-Line Options Description uninstallTIBCOHome The path to the TIBCO_HOME where you want to run the uninstaller. Th
pub/bwpdk/6.3.1/doc/html/installation/plugin-uninstalling-update-site.htm,1,3,2,SIMPLE,,Uninstalling the Plug-in by Using the Public Update Site or Local Update Site,,Platform Step Microsoft Windows Click Start > All Programs > TIBCO > TIBCO_HOME > TIBCO Business Studio <version> > Stud
pub/bwpdk/6.3.1/doc/html/installation-guide/installation-account-and-permission-requirements.htm,1,4,2,SIMPLE,,Installation Account and Permission Requirements,,Platform Account Privileges Microsoft Windows Only users with administrator privileges can install the plug-in. If you d
pub/bwpdk/6.3.1/doc/html/installation-guide/installation-environment.htm,1,4,2,SIMPLE,,Installation Environment,,Property Description Directory Identifies the directory where the product is installed. TIBCO_HOME It is the top-level i
pub/bwpdk/6.3.1/doc/html/installation-guide/installation-modes-and-procedures.htm,1,4,3,SIMPLE,,Installation Modes and Procedures,,"Installation Mode Description Reference GUI In GUI mode, the installer contains panels where you can select a product, p"
pub/bwpdk/6.3.1/doc/html/installation-guide/installing-by-using-an-update-site.htm,1,4,3,SIMPLE,,Installing by Using an Update Site,,Installation method Description Reference Install from the public update site You can install the plug-in from within TI
pub/bwpdk/6.3.1/doc/html/installation-guide/installing-the-plug-in-by-using-a-local-update-site-or-directory.htm,1,3,2,SIMPLE,,Installing the Plug-in by Using a Local Update Site or Directory,,Platform Step Microsoft Windows Click Start > All Programs > TIBCO > TIBCO_HOME > TIBCO Business Studio <version> > Stud
pub/bwpdk/6.3.1/doc/html/installation-guide/installing-the-plug-in-by-using-the-public-update-site.htm,1,3,2,SIMPLE,,Installing the Plug-in by Using the Public Update Site,,Platform Step Microsoft Windows Click Start > All Programs > TIBCO > TIBCO_HOME > TIBCO Business Studio <version> > Stud
pub/bwpdk/6.3.1/doc/html/installation-guide/installing-the-plug-in-by-using-tibco-businessworks-plug-ins-manager.htm,1,3,2,SIMPLE,,Installing the Plug-in by Using TIBCO BusinessWorks Plug-ins Manager,,Platform Step Microsoft Windows Click Start > All Programs > TIBCO > TIBCO_HOME > TIBCO Business Studio <version> > Stud
pub/bwpdk/6.3.1/doc/html/installation-guide/installing-the-plug-in-using-a-local-update-site-or-directory.htm,1,3,2,SIMPLE,,Installing the Plug-in by Using a Local Update Site or Directory,,Platform Step Microsoft Windows Click Start > All Programs > TIBCO > TIBCO_HOME > TIBCO Business Studio <version> > Stud
pub/bwpdk/6.3.1/doc/html/installation-guide/installing-the-plug-in-using-a-public-update-site.htm,1,3,2,SIMPLE,,Installing the Plug-in Using a Public Update Site,,Platform Step Microsoft Windows Click Start > All Programs > TIBCO > TIBCO_HOME > TIBCO Business Studio <version> > Stud
pub/bwpdk/6.3.1/doc/html/installation-guide/system-requirements.htm,1,2,2,SIMPLE,,Software,,Software Description TIBCO ActiveMatrix BusinessWorks Required. ActiveMatrix BusinessWorks supports your integration pro
pub/bwpdk/6.3.1/doc/html/installation-guide/uninstalling-by-using-an-update-site.htm,1,3,3,SIMPLE,,Uninstalling by Using an Update Site,,Uninstallation Method Description Reference Uninstall using the public update site You can uninstall the plug-in from wi
pub/bwpdk/6.3.1/doc/html/installation-guide/uninstalling-in-gui-mode.htm,1,3,2,SIMPLE,,Uninstalling in GUI Mode,,Option Description Custom Uninstall You can select the products to be removed. Typical Uninstall You cannot select the p
pub/bwpdk/6.3.1/doc/html/installation-guide/uninstalling-in-silent-mode.htm,1,5,2,CODE_IN_CELL,,Uninstalling in Silent Mode,,Command-Line Options Description uninstallTIBCOHome The path to the TIBCO_HOME where you want to run the uninstaller. Th
pub/bwpdk/6.3.1/doc/html/installation-guide/uninstalling-the-plug-in-by-using-the-public-update-site-or-local-update.htm,1,3,2,SIMPLE,,Uninstalling the Plug-in by Using the Public Update Site or Local Update Site,,Platform Step Microsoft Windows Click Start > All Programs > TIBCO > TIBCO_HOME > TIBCO Business Studio <version> > Stud
pub/bwpdk/6.3.1/doc/html/installation-guide/uninstalling-the-plug-in-by-using-tibco-businessworks-plug-ins-manager.htm,1,3,2,SIMPLE,,Uninstalling the Plug-in by Using TIBCO BusinessWorks Plug-ins Manager,,Platform Step Microsoft Windows Click Start > All Programs > TIBCO > TIBCO_HOME > TIBCO Business Studio <version> > Stud
pub/bwpdk/6.3.1/doc/html/installation-guide/uninstalling-the-plugin-by-using-the-public-update-site-or-local-update-.htm,1,3,2,SIMPLE,,Uninstalling the Plug-in by Using the Public Update Site or Local Update Site,,Platform Step Microsoft Windows Click Start > All Programs > TIBCO > TIBCO_HOME > TIBCO Business Studio <version> > Stud
pub/bwpdk/6.3.1/doc/html/users-guide/business-studio-overview.htm,1,7,2,CODE_IN_CELL|IMAGE_IN_CELL|LIST_IN_CELL,,Overview of TIBCO Business Studio for BusinessWorks,,"UI Element Description Menu Contains menu items such as File, Edit, Navigate, Search, Project, Run, Window, and Help. To"
pub/bwpdk/6.3.1/doc/html/users-guide/configurations-for-project.htm,1,5,2,CODE_IN_CELL|LIST_IN_CELL|MULTI_PARAGRAPH,,Configurations for XX,,"Activity Description Put Stores a batch of tuples into the space. If an error occurs during the Put operation, the group"
pub/bwpdk/6.3.1/doc/html/users-guide/connection-resource.htm,1,5,3,SIMPLE,,General,,Property Module Property? Yes/No Description Name No The name to be displayed as the label for the shared resource in th
pub/bwpdk/6.3.1/doc/html/users-guide/error-codes.htm,1,3,5,SIMPLE,,Error Codes,,Error code and error message Role Category Description Solution
pub/bwpdk/6.3.1/doc/html/users-guide/log-levels.htm,1,6,2,SIMPLE,,Log Levels,,Property Description Trace Includes all information regarding the running process. Debug Indicates a developer-defined t
pub/bwpdk/6.3.1/doc/html/users-guide/palette-activity.htm,1,5,3,SIMPLE,,General,,Property Module Property? Yes/No Description Name No The name to be displayed as the label for the shared resource in th
pub/bwpdk/6.3.1/doc/html/users-guide/palette-activity.htm,2,5,3,SIMPLE,,Input,,Input Item Data Type Description
pub/bwpdk/6.3.1/doc/html/users-guide/palette-activity.htm,3,3,3,SIMPLE,,Output,,Output Item Data Type Description
pub/bwpdk/6.3.1/doc/html/users-guide/palette-activity.htm,4,3,3,SIMPLE,,Fault,,Error Schema Element Data Type Description msg string The error message returned by the plug-in. msgCode string The erro
pub/bwpdk/6.3.1/doc/html/users-guide/palette-activity.htm,5,3,2,SIMPLE,,Fault,,"Fault Thrown When... For example, TwitterAPIException The plug-in cannot send the request or parse the response."
pub/bwpluginas/8.1.1/doc/html/installation/installation-modes.htm,1,4,3,SIMPLE,,Installation Modes and Procedures,,"Installation Mode Description Reference GUI In GUI mode, the installer contains panels where you can select a product, p"
pub/bwpluginas/8.1.1/doc/html/installation/installation-troubleshooting.htm,1,4,2,SIMPLE,,Troubleshooting Installation,,Platform Location Microsoft Windows C:\Users\ username \.TIBCO\ install_timestamp Linux user_home_dir /.TIBCO/ install_t
pub/bwpluginas/8.1.1/doc/html/installation/plugin-adding-to-bwce.htm,1,2,2,LIST_IN_CELL,,Adding the Plug-in to TIBCO BusinessWorks™ Container Edition,,Platform Reference Docker or Docker-based platforms Application Development for Docker section: Creating the TIBCO Busin
pub/bwpluginas/8.1.1/doc/html/installation/plugin-installation-components.htm,1,3,2,MULTI_PARAGRAPH|NOTE_OR_ADMONITION,HIGH_RISK — confirmed silent content loss,Installation Components and Profiles,,Component Description TIBCO ActiveMatrix BusinessWorks™ Plug-in for ActiveSpaces Design This component includes the pale
pub/bwpluginas/8.1.1/doc/html/installation/plugin-installation-environment.htm,1,4,2,SIMPLE,,Installation Environment,,Property Description Directory Identifies the directory where the product is installed. TIBCO_HOME It is the top-level i
pub/bwpluginas/8.1.1/doc/html/installation/plugin-installation-requirements.htm,1,3,2,SIMPLE,,Installation Account and Permission Requirements,,Platform Account Privileges Microsoft Windows Only users with administrator privileges can install the plug-in. If you d
pub/bwpluginas/8.1.1/doc/html/installation/plugin-installation-requirements.htm,2,5,2,MULTI_PARAGRAPH,,Software Requirements,,Software Description TIBCO ActiveMatrix BusinessWorks™ Required. ActiveMatrix BusinessWorks supports your integration pr
pub/bwpluginas/8.1.1/doc/html/installation/plugin-installation-update-sites.htm,1,4,3,SIMPLE,,Installing by Using an Update Site,,Installation method Description Reference Public update site You can install the plug-in from within TIBCO Business Stud
pub/bwpluginas/8.1.1/doc/html/installation/plugin-installing-local-update-site.htm,1,3,2,SIMPLE,,Installing the Plug-in by Using a Local Update Site or Directory,,Platform Step Microsoft Windows Click Start > All Programs > TIBCO > TIBCO_HOME > TIBCO Business Studio <studio_version>
pub/bwpluginas/8.1.1/doc/html/installation/plugin-installing-plugins-manager.htm,1,3,2,SIMPLE,,Installing the Plug-in by Using BusinessWorks Plug-ins Manager,,Platform Step Microsoft Windows Click Start > All Programs > TIBCO > TIBCO_HOME > TIBCO Business Studio <studio_version>
pub/bwpluginas/8.1.1/doc/html/installation/plugin-installing-public-update-site.htm,1,3,2,SIMPLE,,Installing the Plug-in by Using the Public Update Site,,Platform Step Microsoft Windows Click Start > All Programs > TIBCO > TIBCO_HOME > TIBCO Business Studio <studio_version>
pub/bwpluginas/8.1.1/doc/html/installation/plugin-installing-silent-mode.htm,1,1,3,FAKE_LIST,,,,
pub/bwpluginas/8.1.1/doc/html/installation/plugin-installing-silent-mode.htm,2,1,3,FAKE_LIST,,,,
pub/bwpluginas/8.1.1/doc/html/installation/plugin-uninstallation-update-sites.htm,1,3,3,SIMPLE,,Uninstalling by Using an Update Site,,Uninstallation method Description Reference Uninstall using the public update site You can uninstall the plug-in from wi
pub/bwpluginas/8.1.1/doc/html/installation/plugin-uninstalling-gui-mode.htm,1,3,2,SIMPLE,,Uninstalling in GUI Mode,,Option Description Custom Uninstall You can select the products to be removed. Typical Uninstall You cannot select the p
pub/bwpluginas/8.1.1/doc/html/installation/plugin-uninstalling-plugins-manager.htm,1,3,2,SIMPLE,,Uninstalling the Plug-in by Using BusinessWorks Plug-ins Manager,,Platform Step Microsoft Windows Click Start > All Programs > TIBCO > TIBCO_HOME > TIBCO Business Studio <studio_version>
pub/bwpluginas/8.1.1/doc/html/installation/plugin-uninstalling-silent-mode.htm,1,5,2,CODE_IN_CELL,,Uninstalling in Silent Mode,,Command-Line Options Description uninstallTIBCOHome The path to the TIBCO_HOME where you want to run the uninstaller. Th
pub/bwpluginas/8.1.1/doc/html/installation/plugin-uninstalling-update-site.htm,1,3,2,SIMPLE,,Uninstalling the Plug-in by Using the Public Update Site or Local Update Site,,Platform Step Microsoft Windows Click Start > All Programs > TIBCO > TIBCO_HOME > TIBCO Business Studio <studio_version>
pub/bwpluginas/8.1.1/doc/html/users-guide/business-studio-overview.htm,1,7,2,CODE_IN_CELL|IMAGE_IN_CELL|LIST_IN_CELL,,Overview of TIBCO Business Studio for BusinessWorks,,"UI Element Description Menu Contains menu items such as File, Edit, Navigate, Search, Project, Run, Window, and Help. To"
pub/bwpluginas/8.1.1/doc/html/users-guide/creating-a-project.htm,1,3,2,SIMPLE,,Creating a Project,,Platform Step Microsoft Windows Click Start > All Programs > TIBCO > TIBCO_HOME > TIBCO Business Studio <studio_version>
pub/bwpluginas/8.1.1/doc/html/users-guide/datagrid-connection-parameters.htm,1,4,3,SIMPLE,,General,,Field Module Property? Description Package No Specifies the package that saves the DataGrid shared resource. Name No Spe
pub/bwpluginas/8.1.1/doc/html/users-guide/datagrid-connection-parameters.htm,2,10,3,MULTI_PARAGRAPH|NOTE_OR_ADMONITION,HIGH_RISK — confirmed silent content loss,DataGrid,,Field Module Property? Description Grid Name No Specifies the name to be displayed as the label for the DataGrid shared 
pub/bwpluginas/8.1.1/doc/html/users-guide/datagrid-connection-parameters.htm,3,3,3,SIMPLE,,Security,,Field Module Property? Description Use SSL No Specifies whether to use a secure URL for the DataGrid shared resource. Tr
pub/bwpluginas/8.1.1/doc/html/users-guide/datagrid-connection-parameters.htm,4,3,3,NOTE_OR_ADMONITION,HIGH_RISK — confirmed silent content loss,Prefetch and Snapshot Settings,,Field Module Property? Description Prefetch No Specifies the units of data to be transferred in the DataGrid shared reso
pub/bwpluginas/8.1.1/doc/html/users-guide/datagrid-connection-parameters.htm,5,4,3,SIMPLE,,Proxy Binding Settings,,Field Module Property? Description Binding Strategy No Specifies the method to select a proxy for the client. You can se
pub/bwpluginas/8.1.1/doc/html/users-guide/delete.htm,1,4,3,IMAGE_IN_CELL,,General,,Field Module Property? Description Name No Specifies the name to be displayed as the label for the activity in the proce
pub/bwpluginas/8.1.1/doc/html/users-guide/delete.htm,2,5,3,SIMPLE,,Advanced,,Field Module Property? Description Batch Delete Operation No Specifies if you want to execute delete operations as a bat
pub/bwpluginas/8.1.1/doc/html/users-guide/delete.htm,3,2,3,NOTE_OR_ADMONITION,HIGH_RISK — confirmed silent content loss,Output,,Output Item Data Type Description ResultList String Specifies the HasError boolean value and the result. The result cont
pub/bwpluginas/8.1.1/doc/html/users-guide/delete.htm,4,3,3,SIMPLE,,Fault,,Error Schema Element Data Type Description msg String The plug-in error message. msgCode String The plug-in error code.
pub/bwpluginas/8.1.1/doc/html/users-guide/error-codes.htm,1,7,4,SIMPLE,,Error Codes for Shared Resources,,Error Code and Error Message Category Description Solution 500001 Cannot get Table Fields Definition [{0}]. BW-Plug-in T
pub/bwpluginas/8.1.1/doc/html/users-guide/error-codes.htm,2,16,4,MULTI_PARAGRAPH,,Error Codes for Activities,,Error Code and Error Message Category Description Solution 500000 ERROR_AS_ERROR={0} BW-Plug-in An error occurs in Activ
pub/bwpluginas/8.1.1/doc/html/users-guide/get.htm,1,4,3,IMAGE_IN_CELL,,General,,Field Module Property? Description Name No Specifies the name to be displayed as the label for the activity in the proce
pub/bwpluginas/8.1.1/doc/html/users-guide/get.htm,2,5,3,SIMPLE,,Advanced,,Field Module Property? Description Batch Get Operation No Specifies if you want to execute get operations as a batch. Op
pub/bwpluginas/8.1.1/doc/html/users-guide/get.htm,3,2,3,NOTE_OR_ADMONITION,HIGH_RISK — confirmed silent content loss,Output,,Output Item Data Type Description ResultList String Specifies the HasError boolean value and the result. The result cont
pub/bwpluginas/8.1.1/doc/html/users-guide/get.htm,4,3,3,SIMPLE,,Fault,,Error Schema Element Data Type Description msg String The plug-in error message. msgCode String The plug-in error code.
pub/bwpluginas/8.1.1/doc/html/users-guide/log-levels-.htm,1,4,2,SIMPLE,,Log Levels,,Log Level Description Debug Indicates a developer-defined tracing message. Warn Indicates that an abnormal condition occ
pub/bwpluginas/8.1.1/doc/html/users-guide/put.htm,1,4,3,IMAGE_IN_CELL,,General,,Field Module Property? Description Name No Specifies the name to be displayed as the label for the activity in the proce
pub/bwpluginas/8.1.1/doc/html/users-guide/put.htm,2,7,3,NOTE_OR_ADMONITION,HIGH_RISK — confirmed silent content loss,Advanced,,Field Module Property? Description Global TTL for All Rows No Specifies the time to live for the rows that you want to p
pub/bwpluginas/8.1.1/doc/html/users-guide/put.htm,3,2,3,NOTE_OR_ADMONITION,HIGH_RISK — confirmed silent content loss,Output,,Output Item Data Type Description ResultList String Specifies the HasError boolean value and the result. The result cont
pub/bwpluginas/8.1.1/doc/html/users-guide/put.htm,4,3,3,SIMPLE,,Fault,,Error Schema Element Data Type Description msg String The plug-in error message. msgCode String The plug-in error code.
pub/bwpluginas/8.1.1/doc/html/users-guide/query.htm,1,4,3,IMAGE_IN_CELL,,General,,Field Module Property? Description Name No Specifies the name to be displayed as the label for the activity in the proce
pub/bwpluginas/8.1.1/doc/html/users-guide/query.htm,2,7,3,MULTI_PARAGRAPH|NOTE_OR_ADMONITION,HIGH_RISK — confirmed silent content loss,Input,,Input Item Data Type Description Filter String Optional: Specifies a filter string. A filter query only returns the entr
pub/bwpluginas/8.1.1/doc/html/users-guide/query.htm,3,2,3,NOTE_OR_ADMONITION,HIGH_RISK — confirmed silent content loss,Output,,"Output Item Data Type Description Activity output String Specifies the HasError value, the error, the total count, and t"
pub/bwpluginas/8.1.1/doc/html/users-guide/query.htm,4,3,3,SIMPLE,,Fault,,Error Schema Element Data Type Description msg String The plug-in error message. msgCode String The plug-in error code.
pub/bwpluginas/8.1.1/doc/html/users-guide/querybysql.htm,1,4,3,IMAGE_IN_CELL,,General,,Field Module Property? Description Name No Specifies the name to be displayed as the label for the activity in the proce
pub/bwpluginas/8.1.1/doc/html/users-guide/querybysql.htm,2,6,3,NOTE_OR_ADMONITION,HIGH_RISK — confirmed silent content loss,Input,,Input Item Data Type Description sql String Specifies a SQL query statement. You can use CASE expressions in the SELECT 
pub/bwpluginas/8.1.1/doc/html/users-guide/querybysql.htm,3,2,3,LIST_IN_CELL|NOTE_OR_ADMONITION,HIGH_RISK — confirmed silent content loss,Output,,"Output Item Data Type Description Activity output String Specifies the HasError value, the error, the total count, and t"
pub/bwpluginas/8.1.1/doc/html/users-guide/querybysql.htm,4,3,3,SIMPLE,,Fault,,Error Schema Element Data Type Description msg String The plug-in error message. msgCode String The plug-in error code.
pub/bwpluginas/8.1.1/doc/html/users-guide/table-connection-parameters.htm,1,5,3,LIST_IN_CELL|MERGED_CELLS|NOTE_OR_ADMONITION,HIGH_RISK — confirmed silent content loss,Configuration,,Field Module Property? Description Name No Specifies a name for the Table shared resource. The name must start with a le
pub/bwpluginas/8.1.1/doc/html/users-guide/table-connection-parameters.htm,2,2,3,IMAGE_IN_CELL|NOTE_OR_ADMONITION,HIGH_RISK — confirmed silent content loss,Key Definition,,Field Module Property? Description Key Field Names No Click to select the key fields. Note: If the name of a field that 
pub/bwpluginas/8.1.1/doc/html/users-guide/table-connection-parameters.htm,3,3,2,IMAGE_IN_CELL,,Index Definition,,Field Description Index Name Specifies the name of an index. The index name is a string and must start with a letter or 
pub/bwpluginas/8.1.1/doc/html/users-guide/table-connection-parameters.htm,4,3,2,SIMPLE,,Expiration Settings,,Field Description Time to Live (seconds) Specifies the time for which rows remain in the table. Expiration Scan Period (
pub/bwpluginas/8.1.1/doc/html/users-guide/tablelistener.htm,1,3,3,IMAGE_IN_CELL,,General,,Field Module Property? Description Name No Specifies the name to be displayed as the label for the activity in the proce
pub/bwpluginas/8.1.1/doc/html/users-guide/tablelistener.htm,2,7,3,SIMPLE,,Advanced,,Field Module Property? Description Sequence Key No Specifies the XPath that determines the job sequence order. Matching 
pub/bwpluginas/8.1.1/doc/html/users-guide/tablelistener.htm,3,2,3,SIMPLE,,Output,,Output Item Data Type Description Activity output String Specifies the table events based on the filter provided. The ta
pub/bwpluginas/8.1.1/doc/html/users-guide/update.htm,1,4,3,IMAGE_IN_CELL,,General,,Field Module Property? Description Name No Specifies the name to be displayed as the label for the activity in the proce
pub/bwpluginas/8.1.1/doc/html/users-guide/update.htm,2,4,3,SIMPLE,,Advanced,,Field Module Property? Description Generate Update Output No Specifies the output schema and also indicates if there was
pub/bwpluginas/8.1.1/doc/html/users-guide/update.htm,3,2,3,NOTE_OR_ADMONITION,HIGH_RISK — confirmed silent content loss,Output,,Output Item Data Type Description ResultList String Specifies the HasError boolean value and the result. The result cont
pub/bwpluginas/8.1.1/doc/html/users-guide/update.htm,4,3,3,SIMPLE,,Fault,,Error Schema Element Data Type Description msg String The plug-in error message. msgCode String The plug-in error code.
pub/bwpluginas/8.1.1/doc/html/users-guide/working-with-queryandquerybysql.htm,1,4,2,CODE_IN_CELL,,Working with QueryAndQueryBySQL,,Activity Description Put Stores a batch of rows into the table. Query Queries rows in the table with filter id>0 . Query
pub/bwpluginas/8.1.1/doc/html/users-guide/working-with-the-databasecache-project-.htm,1,11,2,SIMPLE,,Working with the DatabaseCache Project,,Activity Description FilePoller Reads the input.txt file to monitor if an input ID or the key specified in the table is 
pub/bwpluginas/8.1.1/doc/html/users-guide/working-with-the-iterateresultset-project.htm,1,5,2,LIST_IN_CELL,,Working with the IterateResultSet Project,,Activity Description Start Starts the process. Put Stores a batch of rows into the table. If an error occurs during the 
pub/bwpluginawsredshift/6.1.0/doc/html/installation/installation-modes.htm,1,4,3,SIMPLE,,Installation Modes and Procedures,,"Installation Mode Description Reference GUI In GUI mode, the installer contains panels where you can select a product, p"
pub/bwpluginawsredshift/6.1.0/doc/html/installation/installation-troubleshooting.htm,1,4,2,SIMPLE,,Troubleshooting Installation,,Platform Location Microsoft Windows C:\Users\ username \.TIBCO\ install_timestamp Linux user_home_dir /.TIBCO/ install_t
pub/bwpluginawsredshift/6.1.0/doc/html/installation/plugin-adding-to-bwce.htm,1,2,2,LIST_IN_CELL,,Adding the Plug-in to TIBCO BusinessWorks™ Container Edition,,Platform Reference Docker or Docker-based platforms Application Development for Docker section: Creating the TIBCO Busin
pub/bwpluginawsredshift/6.1.0/doc/html/installation/plugin-installation-components.htm,1,3,2,MULTI_PARAGRAPH|NOTE_OR_ADMONITION,HIGH_RISK — confirmed silent content loss,Installation Components and Profiles,,Component Description TIBCO ActiveMatrix BusinessWorks™ Plug-in for Amazon Redshift Design This component includes the p
pub/bwpluginawsredshift/6.1.0/doc/html/installation/plugin-installation-environment.htm,1,4,2,SIMPLE,,Installation Environment,,Property Description Directory Identifies the directory where the product is installed. TIBCO_HOME It is the top-level i
pub/bwpluginawsredshift/6.1.0/doc/html/installation/plugin-installation-requirements.htm,1,4,2,SIMPLE,,Installation Account and Permission Requirements,,Platform Account Privileges Microsoft Windows Only users with administrator privileges can install the plug-in. If you d
pub/bwpluginawsredshift/6.1.0/doc/html/installation/plugin-installation-requirements.htm,2,3,2,MULTI_PARAGRAPH,,Software Requirements,,Software Description TIBCO ActiveMatrix BusinessWorks™ Required. ActiveMatrix BusinessWorks supports your integration pr
pub/bwpluginawsredshift/6.1.0/doc/html/installation/plugin-installation-update-sites.htm,1,4,3,SIMPLE,,Installing by Using an Update Site,,Installation method Description Reference Public update site You can install the plug-in from within TIBCO Business Stud
pub/bwpluginawsredshift/6.1.0/doc/html/installation/plugin-installing-local-update-site.htm,1,3,2,SIMPLE,,Installing the Plug-in by Using a Local Update Site or Directory,,Platform Step Microsoft Windows Click Start > All Programs > TIBCO > TIBCO_HOME > TIBCO Business Studio <studio_version>
pub/bwpluginawsredshift/6.1.0/doc/html/installation/plugin-installing-plugins-manager.htm,1,3,2,SIMPLE,,Installing the Plug-in by Using BusinessWorks Plug-ins Manager,,Platform Step Microsoft Windows Click Start > All Programs > TIBCO > TIBCO_HOME > TIBCO Business Studio <studio_version>
pub/bwpluginawsredshift/6.1.0/doc/html/installation/plugin-installing-public-update-site.htm,1,3,2,SIMPLE,,Installing the Plug-in by Using the Public Update Site,,Platform Step Microsoft Windows Click Start > All Programs > TIBCO > TIBCO_HOME > TIBCO Business Studio <studio_version>
pub/bwpluginawsredshift/6.1.0/doc/html/installation/plugin-installing-silent-mode.htm,1,1,3,FAKE_LIST,,,,
pub/bwpluginawsredshift/6.1.0/doc/html/installation/plugin-installing-silent-mode.htm,2,1,3,FAKE_LIST,,,,
pub/bwpluginawsredshift/6.1.0/doc/html/installation/plugin-uninstallation-update-sites.htm,1,3,3,SIMPLE,,Uninstalling by Using an Update Site,,Uninstallation method Description Reference Uninstall using the public update site You can uninstall the plug-in from wi
pub/bwpluginawsredshift/6.1.0/doc/html/installation/plugin-uninstalling-gui-mode.htm,1,3,2,CODE_IN_CELL,,Uninstalling in GUI Mode,,Option Description Custom Uninstall You can select the products to be removed. Typical Uninstall You cannot select the p
pub/bwpluginawsredshift/6.1.0/doc/html/installation/plugin-uninstalling-plugins-manager.htm,1,3,2,SIMPLE,,Uninstalling the Plug-in by Using BusinessWorks Plug-ins Manager,,Platform Step Microsoft Windows Click Start > All Programs > TIBCO > TIBCO_HOME > TIBCO Business Studio <studio_version>
pub/bwpluginawsredshift/6.1.0/doc/html/installation/plugin-uninstalling-silent-mode.htm,1,5,2,CODE_IN_CELL,,Uninstalling in Silent Mode,,Command-Line Options Description uninstallTIBCOHome The path to the TIBCO_HOME where you want to run the uninstaller. Th
pub/bwpluginawsredshift/6.1.0/doc/html/installation/plugin-uninstalling-update-site.htm,1,3,2,SIMPLE,,Uninstalling the Plug-in by Using the Public Update Site or Local Update Site,,Platform Step Microsoft Windows Click Start > All Programs > TIBCO > TIBCO_HOME > TIBCO Business Studio <studio_version>
pub/bwpluginawsredshift/6.1.0/doc/html/users-guide/business-studio-overview.htm,1,7,2,CODE_IN_CELL|IMAGE_IN_CELL|LIST_IN_CELL,,Overview of TIBCO Business Studio for BusinessWorks,,"UI Element Description Menu Contains menu items such as File, Edit, Navigate, Search, Project, Run, Window, and Help. To"
pub/bwpluginawsredshift/6.1.0/doc/html/users-guide/configurations-for-project.htm,1,5,2,CODE_IN_CELL|LIST_IN_CELL|MULTI_PARAGRAPH,,Configurations for XX,,"Activity Description Put Stores a batch of tuples into the space. If an error occurs during the Put operation, the group"
pub/bwpluginawsredshift/6.1.0/doc/html/users-guide/connection-configuration.htm,1,4,3,SIMPLE,,General,,Field Module property? Description Package No The name of the package where the shared resource is added. Name No The na
pub/bwpluginawsredshift/6.1.0/doc/html/users-guide/connection-configuration.htm,2,15,4,CODE_IN_CELL|LIST_IN_CELL|MERGED_CELLS|MULTI_PARAGRAPH|NOTE_OR_ADMONITION,HIGH_RISK — confirmed silent content loss,Redshift Connection,,Condition Applicable Field Module Property? Description N/A AWS Region Yes The AWS region in which the cluster is locate
pub/bwpluginawsredshift/6.1.0/doc/html/users-guide/connection-configuration.htm,3,5,3,MULTI_PARAGRAPH,,Amazon Connection Advanced Configuration,,Field Module Property? Description Connection Timeout in seconds Yes Number of milliseconds that the attempt to create a
pub/bwpluginawsredshift/6.1.0/doc/html/users-guide/connection-configuration.htm,4,3,2,LIST_IN_CELL|MERGED_CELLS,,User Privileges,,Permissions Resources All permissions for Redshift Redshift Cluster Database user Database user groups used in plug-in o
pub/bwpluginawsredshift/6.1.0/doc/html/users-guide/creating-a-project.htm,1,3,2,CODE_IN_CELL,,Creating a Project,,Platform Step Microsoft Windows Click Start > All Programs > TIBCO > TIBCO_HOME > TIBCO Business Studio <version> > Stud
pub/bwpluginawsredshift/6.1.0/doc/html/users-guide/data-change-polling-activity.htm,1,7,3,IMAGE_IN_CELL,,General,,Property Module Property? Description Name No The name that is displayed as the label for the shared resource in the pro
pub/bwpluginawsredshift/6.1.0/doc/html/users-guide/data-change-polling-activity.htm,2,6,3,NOTE_OR_ADMONITION,HIGH_RISK — confirmed silent content loss,Advanced,,Property Module Property? Description Sequence Key No It contains an XPath expression that specifies the processes that 
pub/bwpluginawsredshift/6.1.0/doc/html/users-guide/data-change-polling-activity.htm,3,5,3,SIMPLE,,Output,,Output Item Data Type Description status? string Provides a success or failure error_message? string Provides an error m
pub/bwpluginawsredshift/6.1.0/doc/html/users-guide/data-change-polling-activity.htm,4,3,3,SIMPLE,,Fault,,Error Schema Element Data Type Description msg string The error message returned by the plug-in. msgCode string The erro
pub/bwpluginawsredshift/6.1.0/doc/html/users-guide/error-codes.htm,1,30,5,SIMPLE,,Error Codes,,Error code and error message Role Category Message Description TIBCO-BW-SR-REDSHIFT-DEBUG_CREATE_SHAREDRESOURCE-200001 D
pub/bwpluginawsredshift/6.1.0/doc/html/users-guide/importing-sample-projects.htm,1,3,2,CODE_IN_CELL,,Importing Sample Projects,,Platform Step Microsoft Windows Click Start > All Programs > TIBCO > TIBCO_HOME > TIBCO Business Studio <version> > Stud
pub/bwpluginawsredshift/6.1.0/doc/html/users-guide/log-levels.htm,1,6,2,SIMPLE,,Log Levels,,Property Description Trace Includes all information regarding the running process. Debug Indicates a developer-defined t
pub/bwpluginawsredshift/6.1.0/doc/html/users-guide/palette-activity.htm,1,8,3,CODE_IN_CELL|IMAGE_IN_CELL|MULTI_PARAGRAPH|NOTE_OR_ADMONITION,HIGH_RISK — confirmed silent content loss,General,,Property Module Property? Description Name No Name displayed as the label for the shared resource in the process Redshif
pub/bwpluginawsredshift/6.1.0/doc/html/users-guide/palette-activity.htm,2,8,3,LIST_IN_CELL|MULTI_PARAGRAPH,,Advanced,,Property Module Property? Description Validation Mode No This field indicates how data validation is handled. The field 
pub/bwpluginawsredshift/6.1.0/doc/html/users-guide/palette-activity.htm,3,6,3,SIMPLE,,Input,,"Input Item Data Type Description compression string File compression type. Supported compression types are BZIP2, GZIP, "
pub/bwpluginawsredshift/6.1.0/doc/html/users-guide/palette-activity.htm,4,3,3,SIMPLE,,Input,,"Input Item Data Type Description compression string File compression type. Supported compression types are BZIP2, GZIP, "
pub/bwpluginawsredshift/6.1.0/doc/html/users-guide/palette-activity.htm,5,3,3,SIMPLE,,Input,,"Input Item Data Type Description compression string File compression type. Supported compression types are BZIP2, GZIP, "
pub/bwpluginawsredshift/6.1.0/doc/html/users-guide/palette-activity.htm,6,15,3,CODE_IN_CELL|MULTI_PARAGRAPH|NOTE_OR_ADMONITION,HIGH_RISK — confirmed silent content loss,Output,,Output Item Data Type Description S3_bucket_reference string URI to s3 bucket where data files are present. status strin
pub/bwpluginawsredshift/6.1.0/doc/html/users-guide/palette-activity.htm,7,3,3,SIMPLE,,Fault,,Error Schema Element Data Type Description msg string The error message returned by the plug-in. msgCode string The erro
pub/bwpluginawsredshift/6.1.0/doc/html/users-guide/XSD-datatype-mapping.htm,1,13,4,SIMPLE,,XSD Datatype Mapping,,"Data Type Aliases XSD Format Mapping in BW Description SMALLINT INT2 xsd:short Signed two-byte integer INTEGER INT, INT4"
pub/bwpluginamqp/6.5.2/doc/html/installation/installation-modes.htm,1,4,3,SIMPLE,,Installation Modes and Procedures,,"Installation Mode Description Reference GUI In GUI mode, the installer contains panels where you can select a product, p"
pub/bwpluginamqp/6.5.2/doc/html/installation/installation-troubleshooting.htm,1,4,2,SIMPLE,,Troubleshooting Installation,,Platform Location Microsoft Windows C:\Users\ username \.TIBCO\ install_timestamp Linux user_home_dir /.TIBCO/ install_t
pub/bwpluginamqp/6.5.2/doc/html/installation/plugin-installation-components.htm,1,3,2,MULTI_PARAGRAPH|NOTE_OR_ADMONITION,HIGH_RISK — confirmed silent content loss,Installation Components and Profiles,,"Component Description TIBCO ActiveMatrix BusinessWorks™ Plug-in for AMQP Design This component includes the palettes, sh"
pub/bwpluginamqp/6.5.2/doc/html/installation/plugin-installation-environment.htm,1,4,2,SIMPLE,,Installation Environment,,Property Description Directory Identifies the directory where the product is installed. TIBCO_HOME It is the top-level i
pub/bwpluginamqp/6.5.2/doc/html/installation/plugin-installation-requirements.htm,1,4,2,SIMPLE,,Installation Account and Permission Requirements,,Platform Account Privileges Microsoft Windows Only users with administrator privileges can install the plug-in. If you d
pub/bwpluginamqp/6.5.2/doc/html/installation/plugin-installation-requirements.htm,2,3,2,MULTI_PARAGRAPH,,Software Requirements,,Software Description TIBCO ActiveMatrix BusinessWorks™ Required. ActiveMatrix BusinessWorks supports your integration pr
pub/bwpluginamqp/6.5.2/doc/html/installation/plugin-installation-update-sites.htm,1,4,3,SIMPLE,,Installing by Using an Update Site,,Installation method Description Reference Public update site You can install the plug-in from within TIBCO Business Stud
pub/bwpluginamqp/6.5.2/doc/html/installation/plugin-installing-local-update-site.htm,1,3,2,SIMPLE,,Installing the Plug-in by Using a Local Update Site or Directory,,Platform Step Microsoft Windows Click Start > All Programs > TIBCO > TIBCO_HOME > TIBCO Business Studio <studio_version>
pub/bwpluginamqp/6.5.2/doc/html/installation/plugin-installing-plugins-manager.htm,1,3,2,SIMPLE,,Installing the Plug-in by Using BusinessWorks Plug-ins Manager,,Platform Step Microsoft Windows Click Start > All Programs > TIBCO > TIBCO_HOME > TIBCO Business Studio <studio_version>
pub/bwpluginamqp/6.5.2/doc/html/installation/plugin-installing-public-update-site.htm,1,3,2,SIMPLE,,Installing the Plug-in by Using the Public Update Site,,Platform Step Microsoft Windows Click Start > All Programs > TIBCO > TIBCO_HOME > TIBCO Business Studio <studio_version>
pub/bwpluginamqp/6.5.2/doc/html/installation/plugin-installing-silent-mode.htm,1,1,3,FAKE_LIST,,,,
pub/bwpluginamqp/6.5.2/doc/html/installation/plugin-installing-silent-mode.htm,2,1,3,FAKE_LIST,,,,
pub/bwpluginamqp/6.5.2/doc/html/installation/plugin-uninstallation-update-sites.htm,1,3,3,SIMPLE,,Uninstalling by Using an Update Site,,Uninstallation method Description Reference Uninstall using the public update site You can uninstall the plug-in from wi
pub/bwpluginamqp/6.5.2/doc/html/installation/plugin-uninstalling-gui-mode.htm,1,3,2,SIMPLE,,Uninstalling in GUI Mode,,Option Description Custom Uninstall You can select the products to be removed. Typical Uninstall You cannot select the p
pub/bwpluginamqp/6.5.2/doc/html/installation/plugin-uninstalling-plugins-manager.htm,1,3,2,SIMPLE,,Uninstalling the Plug-in by Using BusinessWorks Plug-ins Manager,,Platform Step Microsoft Windows Click Start > All Programs > TIBCO > TIBCO_HOME > TIBCO Business Studio <studio_version>
pub/bwpluginamqp/6.5.2/doc/html/installation/plugin-uninstalling-silent-mode.htm,1,5,2,CODE_IN_CELL,,Uninstalling in Silent Mode,,Command-Line Options Description uninstallTIBCOHome The path to the TIBCO_HOME where you want to run the uninstaller. Th
pub/bwpluginamqp/6.5.2/doc/html/installation/plugin-uninstalling-update-site.htm,1,3,2,SIMPLE,,Uninstalling the Plug-in by Using the Public Update Site or Local Update Site,,Platform Step Microsoft Windows Click Start > All Programs > TIBCO > TIBCO_HOME > TIBCO Business Studio <studio_version>
pub/bwpluginamqp/6.5.2/doc/html/users-guide/amqp-connection.htm,1,4,3,SIMPLE,,General,,Field Module Property? Description Package No The name of the package where the shared resource is added. Name No The na
pub/bwpluginamqp/6.5.2/doc/html/users-guide/amqp-connection.htm,2,24,3,CODE_IN_CELL|LIST_IN_CELL|MULTI_PARAGRAPH|NOTE_OR_ADMONITION,HIGH_RISK — confirmed silent content loss,AMQP Connection Resource Configuration,,Field Module Property? Description BrokerType No Specifies the broker that is used for the connection. The following bro
pub/bwpluginamqp/6.5.2/doc/html/users-guide/amqp-connection.htm,3,3,3,SIMPLE,,SSL,,Field Module Property? Description Confidentiality No If you want to choose an existing SSL Client shared resource or cr
pub/bwpluginamqp/6.5.2/doc/html/users-guide/amqpgetmessage.htm,1,11,3,CODE_IN_CELL|IMAGE_IN_CELL|LIST_IN_CELL|MULTI_PARAGRAPH|NOTE_OR_ADMONITION,HIGH_RISK — confirmed silent content loss,General,,Field Module Property? Description Name No Specifies a name of the activity displayed in the process. The default value 
pub/bwpluginamqp/6.5.2/doc/html/users-guide/amqpgetmessage.htm,2,4,3,NOTE_OR_ADMONITION,HIGH_RISK — confirmed silent content loss,Input,,Input Item Data Type Description queueName String Enter the name of the queue from which you want to get the message. No
pub/bwpluginamqp/6.5.2/doc/html/users-guide/amqpgetmessage.htm,3,4,3,CODE_IN_CELL|LIST_IN_CELL|NOTE_OR_ADMONITION,HIGH_RISK — confirmed silent content loss,Output,,Output Item Data Type Description UserProperties Complex The message header consists of the following user properties: n
pub/bwpluginamqp/6.5.2/doc/html/users-guide/amqpgetmessage.htm,4,3,2,SIMPLE,,Fault,,Error Schema Element Description AMQPPluginException This error message is displayed when the plug-in captures any excep
pub/bwpluginamqp/6.5.2/doc/html/users-guide/amqpreceivemessage.htm,1,14,3,CODE_IN_CELL|IMAGE_IN_CELL|LIST_IN_CELL|MULTI_PARAGRAPH|NOTE_OR_ADMONITION,HIGH_RISK — confirmed silent content loss,General,,Field Module Property? Description Name No The name of the activity displayed in the process. The default value is AMQPR
pub/bwpluginamqp/6.5.2/doc/html/users-guide/amqpreceivemessage.htm,2,7,3,LIST_IN_CELL|MULTI_PARAGRAPH,,Advanced,,Field Module Property? Description Session Enabled No The Session Enabled checkbox is displayed only when AzureSB-1-0 is
pub/bwpluginamqp/6.5.2/doc/html/users-guide/amqpreceivemessage.htm,3,4,3,CODE_IN_CELL|LIST_IN_CELL|NOTE_OR_ADMONITION,HIGH_RISK — confirmed silent content loss,Output,,Output Item Data Type Description UserProperties Complex The message header consists of the following user properties: n
pub/bwpluginamqp/6.5.2/doc/html/users-guide/amqpsendmessage.htm,1,12,3,CODE_IN_CELL|IMAGE_IN_CELL|LIST_IN_CELL|MULTI_PARAGRAPH|NOTE_OR_ADMONITION,HIGH_RISK — confirmed silent content loss,General,,Field Module Property? Description Name No The name of the activity displayed in the process. The default value is AMQPS
pub/bwpluginamqp/6.5.2/doc/html/users-guide/amqpsendmessage.htm,2,5,3,CODE_IN_CELL|LIST_IN_CELL,,Advanced,,Field Module Property? Description Delivery Mode No Select one of the following delivery modes: Persistent : the message
pub/bwpluginamqp/6.5.2/doc/html/users-guide/amqpsendmessage.htm,3,16,3,CODE_IN_CELL|LIST_IN_CELL|MULTI_PARAGRAPH|NOTE_OR_ADMONITION,HIGH_RISK — confirmed silent content loss,Input,,Input Item Data Type Description name String Enter the name of the user property. Note: The value entered in this field 
pub/bwpluginamqp/6.5.2/doc/html/users-guide/amqpsendmessage.htm,4,3,3,MULTI_PARAGRAPH|NOTE_OR_ADMONITION,HIGH_RISK — confirmed silent content loss,Output,,Output Item Data Type Description sendResult Boolean The result after sending the message. If the message is successfull
pub/bwpluginamqp/6.5.2/doc/html/users-guide/amqpsendmessage.htm,5,3,2,SIMPLE,,Fault,,Error Schema Element Description AMQPPluginException This error message is displayed when the plug-in captures any excep
pub/bwpluginamqp/6.5.2/doc/html/users-guide/business-studio-overview.htm,1,7,2,CODE_IN_CELL|IMAGE_IN_CELL|LIST_IN_CELL,,Overview of TIBCO Business Studio for BusinessWorks,,"UI Element Description Menu Contains menu items such as File, Edit, Navigate, Search, Project, Run, Window, and Help. To"
pub/bwpluginamqp/6.5.2/doc/html/users-guide/connection-recovery-.htm,1,3,3,CODE_IN_CELL,,Connection Recovery and Fault Tolerance,,File Name Property Name Location bwappnode-<AppNodeName>.tra java.property.bw.engine.activity.async.waitTime=n(millisec)
pub/bwpluginamqp/6.5.2/doc/html/users-guide/error-codes.htm,1,28,5,CODE_IN_CELL,,Error Codes,,Error Code and Error Message Role Category Description Solution ERROR_OCCURED_RETRIEVE_RESULT.errorCode=500002 IOExcepti
pub/bwpluginamqp/6.5.2/doc/html/users-guide/log-levels.htm,1,4,2,SIMPLE,,Log Levels,,Log Level Description Debug Indicates a developer-defined tracing message. Info Indicates normal plug-in operations. No 
pub/bwpluginamqp/6.5.2/doc/html/users-guide/system-property-for-.htm,1,2,2,SIMPLE,,System Property for Azure Service Bus,,Property Description com.tibco.plugin.amqp.maxMessageLimit The maximum number of messages that can be fetched by the AMQ
pub/bwplugincassandra/6.3.3/doc/html/installation/installation-modes.htm,1,4,3,SIMPLE,,Installation Modes and Procedures,,"Installation Mode Description Reference GUI In GUI mode, the installer contains panels where you can select a product, p"
pub/bwplugincassandra/6.3.3/doc/html/installation/installation-troubleshooting.htm,1,4,2,SIMPLE,,Troubleshooting Installation,,Platform Location Microsoft Windows C:\Users\ username \.TIBCO\ install_timestamp Linux user_home_dir /.TIBCO/ install_t
pub/bwplugincassandra/6.3.3/doc/html/installation/plugin-adding-to-bwce.htm,1,2,2,SIMPLE,,Adding the Plug-in to TIBCO BusinessWorks™ Container Edition,,"Platform Reference Docker or Docker-based platforms ""Creating the TIBCO BusinessWorks™ Container Edition Application Doc"
pub/bwplugincassandra/6.3.3/doc/html/installation/plugin-installation-components.htm,1,3,2,MULTI_PARAGRAPH|NOTE_OR_ADMONITION,HIGH_RISK — confirmed silent content loss,Installation Components and Profiles,,Component Description TIBCO ActiveMatrix BusinessWorks™ Plug-in for Apache Cassandra Design This component includes the 
pub/bwplugincassandra/6.3.3/doc/html/installation/plugin-installation-environment.htm,1,4,2,SIMPLE,,Installation Environment,,Property Description Directory Identifies the directory where the product is installed. TIBCO_HOME It is the top-level i
pub/bwplugincassandra/6.3.3/doc/html/installation/plugin-installation-requirements.htm,1,4,2,SIMPLE,,Installation Account and Permission Requirements,,Platform Account Privileges Microsoft Windows Only users with administrator privileges can install the plug-in. If you d
pub/bwplugincassandra/6.3.3/doc/html/installation/plugin-installation-requirements.htm,2,3,2,MULTI_PARAGRAPH,,Software Requirements,,Software Description TIBCO ActiveMatrix BusinessWorks™ Required. ActiveMatrix BusinessWorks supports your integration pr
pub/bwplugincassandra/6.3.3/doc/html/installation/plugin-installation-update-sites.htm,1,4,3,SIMPLE,,Installing by Using an Update Site,,Installation method Description Reference Public update site You can install the plug-in from within TIBCO Business Stud
pub/bwplugincassandra/6.3.3/doc/html/installation/plugin-installing-local-update-site.htm,1,3,2,SIMPLE,,Installing the Plug-in by Using a Local Update Site or Directory,,Platform Step Microsoft Windows Click Start > All Programs > TIBCO > TIBCO_HOME > TIBCO Business Studio <studio_version>
pub/bwplugincassandra/6.3.3/doc/html/installation/plugin-installing-plugins-manager.htm,1,3,2,SIMPLE,,Installing the Plug-in by Using BusinessWorks Plug-ins Manager,,Platform Step Microsoft Windows Click Start > All Programs > TIBCO > TIBCO_HOME > TIBCO Business Studio <studio_version>
pub/bwplugincassandra/6.3.3/doc/html/installation/plugin-installing-public-update-site.htm,1,3,2,SIMPLE,,Installing the Plug-in by Using the Public Update Site,,Platform Step Microsoft Windows Click Start > All Programs > TIBCO > TIBCO_HOME > TIBCO Business Studio <studio_version>
pub/bwplugincassandra/6.3.3/doc/html/installation/plugin-installing-silent-mode.htm,1,1,3,FAKE_LIST,,,,
pub/bwplugincassandra/6.3.3/doc/html/installation/plugin-installing-silent-mode.htm,2,1,3,FAKE_LIST,,,,
pub/bwplugincassandra/6.3.3/doc/html/installation/plugin-uninstallation-update-sites.htm,1,3,3,SIMPLE,,Uninstalling by Using an Update Site,,Uninstallation method Description Reference Uninstall using the public update site You can uninstall the plug-in from wi
pub/bwplugincassandra/6.3.3/doc/html/installation/plugin-uninstalling-gui-mode.htm,1,3,2,SIMPLE,,Uninstalling in GUI Mode,,Option Description Custom Uninstall You can select the products to be removed. Typical Uninstall You cannot select the p
pub/bwplugincassandra/6.3.3/doc/html/installation/plugin-uninstalling-plugins-manager.htm,1,3,2,SIMPLE,,Uninstalling the Plug-in by Using BusinessWorks Plug-ins Manager,,Platform Step Microsoft Windows Click Start > All Programs > TIBCO > TIBCO_HOME > TIBCO Business Studio <studio_version>
pub/bwplugincassandra/6.3.3/doc/html/installation/plugin-uninstalling-silent-mode.htm,1,5,2,CODE_IN_CELL,,Uninstalling in Silent Mode,,Command-Line Options Description uninstallTIBCOHome The path to the TIBCO_HOME where you want to run the uninstaller. Th
pub/bwplugincassandra/6.3.3/doc/html/installation/plugin-uninstalling-update-site.htm,1,3,2,SIMPLE,,Uninstalling the Plug-in by Using the Public Update Site or Local Update Site,,Platform Step Microsoft Windows Click Start > All Programs > TIBCO > TIBCO_HOME > TIBCO Business Studio <studio_version>
pub/bwplugincassandra/6.3.3/doc/html/users-guide/business-studio-overview.htm,1,7,2,CODE_IN_CELL|IMAGE_IN_CELL|LIST_IN_CELL,,Overview of TIBCO Business Studio for BusinessWorks,,"UI Element Description Menu Contains menu items such as File, Edit, Navigate, Search, Project, Run, Window, and Help. To"
pub/bwplugincassandra/6.3.3/doc/html/users-guide/cassandra-connection-shared-resource.htm,1,4,3,SIMPLE,,General,,Field Module Property? Description Package No The name of the package where the shared resource is added. Name No The na
pub/bwplugincassandra/6.3.3/doc/html/users-guide/cassandra-connection-shared-resource.htm,2,4,3,CODE_IN_CELL|MULTI_PARAGRAPH|NOTE_OR_ADMONITION,HIGH_RISK — confirmed silent content loss,Cluster Configuration,,Field Module Property? Description KeySpace Yes The name of the keyspace to be used for the created session. Node Yes Th
pub/bwplugincassandra/6.3.3/doc/html/users-guide/cassandra-connection-shared-resource.htm,3,7,3,CODE_IN_CELL,,Advanced Configuration,,Field Module Property? Description Connect Timeout(ms) Yes Specifies how long in milliseconds the connection remains act
pub/bwplugincassandra/6.3.3/doc/html/users-guide/cassandra-connection-shared-resource.htm,4,5,3,SIMPLE,,Security Configuration,,"Field Module Property? Description Login Credential No If this checkbox is selected, enter the Username and Password to "
pub/bwplugincassandra/6.3.3/doc/html/users-guide/cassandra-connection-shared-resource.htm,5,3,3,SIMPLE,,Confidentiality,,Field Module Property? Description SSL Client Configuration No This flag enables or disables transport layer security fo
pub/bwplugincassandra/6.3.3/doc/html/users-guide/cassandrasample-process.htm,1,6,2,SIMPLE,,CassandraSample Process,,Activity Description PreQuery Query activity. Retrieves the details of users table by firing the SELECT command. The col
pub/bwplugincassandra/6.3.3/doc/html/users-guide/error-codes.htm,1,35,5,SIMPLE,,Error Codes,,Error Code and Error Message Role Category Description Resolution TIBCO-BW-PALETTE-CASSANDRA-500001 errorRole BW-Plug-in
pub/bwplugincassandra/6.3.3/doc/html/users-guide/getcassandraconnection-activity.htm,1,3,3,SIMPLE,,General,,Field Literal Value/Process Property/Module Property? Description Name None The name to be displayed as the label for th
pub/bwplugincassandra/6.3.3/doc/html/users-guide/getcassandraconnection-activity.htm,2,2,3,SIMPLE,,Output,,Output Item Data Type Description CassandraConnectionAccessor Object Cassandra connection instance. You can get the conn
pub/bwplugincassandra/6.3.3/doc/html/users-guide/getcassandraconnection-activity.htm,3,5,3,SIMPLE,,Fault,,Error Schema Element Datatype Description CassandraPluginException Any exception generated by the activity after executi
pub/bwplugincassandra/6.3.3/doc/html/users-guide/managing-logs.htm,1,6,2,SIMPLE,,Log Levels,,Log Level Description Debug Indicates a developer-defined tracing message. Info Indicates normal plug-in operations. No 
pub/bwplugincassandra/6.3.3/doc/html/users-guide/query-activity.htm,1,9,3,CODE_IN_CELL|LIST_IN_CELL|MULTI_PARAGRAPH|NOTE_OR_ADMONITION,HIGH_RISK — confirmed silent content loss,General,,Field Literal Value/Process Property/Module Property? Description Name None The name to be displayed as the label for th
pub/bwplugincassandra/6.3.3/doc/html/users-guide/query-activity.htm,2,3,3,SIMPLE,,Advanced,,Field Literal Value/Process Property/Module Property? Description Read Consistency All Refers to how up-to-date and sync
pub/bwplugincassandra/6.3.3/doc/html/users-guide/query-activity.htm,3,5,4,CODE_IN_CELL|MULTI_PARAGRAPH|NOTE_OR_ADMONITION,HIGH_RISK — confirmed silent content loss,Input,,Input Item Data Type Mandatory? Description Statement String No Input the CQL statement to perform in the KeySpace. Note
pub/bwplugincassandra/6.3.3/doc/html/users-guide/query-activity.htm,4,7,3,MULTI_PARAGRAPH|NOTE_OR_ADMONITION,HIGH_RISK — confirmed silent content loss,Output,,Output Item Data Type Description ResultSetInfo The information for Query activity executed. QueriedHost String Return t
pub/bwplugincassandra/6.3.3/doc/html/users-guide/query-activity.htm,5,5,3,SIMPLE,,Fault,,Error Schema Element Data Type Description CassandraPluginException Any exception generated by the activity after execut
pub/bwplugincassandra/6.3.3/doc/html/users-guide/update-activity.htm,1,7,3,CODE_IN_CELL|LIST_IN_CELL|MULTI_PARAGRAPH|NOTE_OR_ADMONITION,HIGH_RISK — confirmed silent content loss,General,,Field Literal Value/Process Property/Module Property? Description Name None The name to be displayed as the label for th
pub/bwplugincassandra/6.3.3/doc/html/users-guide/update-activity.htm,2,5,3,SIMPLE,,Advanced,,Field Literal Value/Process Property/Module Property? Description Write Consistency All Refers to how up-to-date and syn
pub/bwplugincassandra/6.3.3/doc/html/users-guide/update-activity.htm,3,3,4,NOTE_OR_ADMONITION,HIGH_RISK — confirmed silent content loss,Input,,Input Item Data Type Mandatory? Description Statement String No Input the CQL statement to perform in the KeySpace. Note
pub/bwplugincassandra/6.3.3/doc/html/users-guide/update-activity.htm,4,5,3,MULTI_PARAGRAPH|NOTE_OR_ADMONITION,HIGH_RISK — confirmed silent content loss,Output,,Output Item Data Type Description ExecutionInfo The information for Update activity executed. QueriedHost String Return 
pub/bwplugincassandra/6.3.3/doc/html/users-guide/update-activity.htm,5,5,3,SIMPLE,,Fault,,Error Schema Element Data Type Description CassandraPluginException Any exception generated by the activity after execut
pub/bwpluginas2/6.0.0/doc/html/installation/installation-modes.htm,1,4,3,SIMPLE,,Installation Modes and Procedures,,"Installation Mode Description Reference GUI In GUI mode, the installer contains panels where you can select a product, p"
pub/bwpluginas2/6.0.0/doc/html/installation/installation-troubleshooting.htm,1,4,2,SIMPLE,,Troubleshooting Installation,,Platform Location Microsoft Windows C:\Users\ username \.TIBCO\ install_timestamp Linux user_home_dir /.TIBCO/ install_t
pub/bwpluginas2/6.0.0/doc/html/installation/plugin-adding-to-bwce.htm,1,2,2,LIST_IN_CELL,,Adding the Plug-in to TIBCO BusinessWorks Container Edition,,Platform Reference Docker or Docker-based platforms Application development for Docker section: Creating the TIBCO Busin
pub/bwpluginas2/6.0.0/doc/html/installation/plugin-installation-components.htm,1,3,2,MULTI_PARAGRAPH|NOTE_OR_ADMONITION,HIGH_RISK — confirmed silent content loss,Installation Components and Profiles,,Component Description TIBCO ActiveMatrix BusinessWorks™ Plug-in for Applicability Statement 2 (AS2 Protocol) Design This
pub/bwpluginas2/6.0.0/doc/html/installation/plugin-installation-environment.htm,1,4,2,SIMPLE,,Installation Environment,,Property Description Directory Identifies the directory where the product is installed. TIBCO_HOME The top-level install
pub/bwpluginas2/6.0.0/doc/html/installation/plugin-installation-requirements.htm,1,4,2,SIMPLE,,Installation Account and Permission Requirements,,Platform Account Privileges Microsoft Windows Only users with administrator privileges can install the plug-in. If you d
pub/bwpluginas2/6.0.0/doc/html/installation/plugin-installation-requirements.htm,2,3,2,MULTI_PARAGRAPH,,Software Requirements,,Software Description TIBCO ActiveMatrix BusinessWorks™ Required. ActiveMatrix BusinessWorks supports your integration pr
pub/bwpluginas2/6.0.0/doc/html/installation/plugin-installation-update-sites.htm,1,4,3,SIMPLE,,Installing by Using an Update Site,,Installation method Description Reference Public update site You can install the plug-in from within TIBCO Business Stud
pub/bwpluginas2/6.0.0/doc/html/installation/plugin-installing-local-update-site.htm,1,3,2,SIMPLE,,Installing the Plug-in by Using a Local Update Site or Directory,,Platform Step Microsoft Windows Click Start > All Programs > TIBCO > TIBCO_HOME > TIBCO Business Studio <studio_version>
pub/bwpluginas2/6.0.0/doc/html/installation/plugin-installing-plugins-manager.htm,1,3,2,SIMPLE,,Installing the Plug-in by Using BusinessWorks Plug-ins Manager,,Platform Step Microsoft Windows Click Start > All Programs > TIBCO > TIBCO_HOME > TIBCO Business Studio <studio_version>
pub/bwpluginas2/6.0.0/doc/html/installation/plugin-installing-public-update-site.htm,1,3,2,SIMPLE,,Installing the Plug-in by Using the Public Update Site,,Platform Step Microsoft Windows Click Start > All Programs > TIBCO > TIBCO_HOME > TIBCO Business Studio <studio_version>
pub/bwpluginas2/6.0.0/doc/html/installation/plugin-installing-silent-mode.htm,1,1,3,FAKE_LIST,,,,
pub/bwpluginas2/6.0.0/doc/html/installation/plugin-installing-silent-mode.htm,2,1,3,FAKE_LIST,,,,
pub/bwpluginas2/6.0.0/doc/html/installation/plugin-uninstallation-update-sites.htm,1,3,3,SIMPLE,,Uninstalling by Using an Update Site,,Uninstallation method Description Reference Uninstall using the public update site You can uninstall the plug-in from wi
pub/bwpluginas2/6.0.0/doc/html/installation/plugin-uninstalling-gui-mode.htm,1,3,2,SIMPLE,,Uninstalling in GUI Mode,,Option Description Custom Uninstall You can select the products to be removed. Typical Uninstall You cannot select the p
pub/bwpluginas2/6.0.0/doc/html/installation/plugin-uninstalling-plugins-manager.htm,1,3,2,SIMPLE,,Uninstalling the Plug-in by Using BusinessWorks Plug-ins Manager,,Platform Step Microsoft Windows Click Start > All Programs > TIBCO > TIBCO_HOME > TIBCO Business Studio <studio_version>
pub/bwpluginas2/6.0.0/doc/html/installation/plugin-uninstalling-silent-mode.htm,1,5,2,CODE_IN_CELL,,Uninstalling in Silent Mode,,Command-Line Options Description uninstallTIBCOHome The path to TIBCO_HOME where you want to run the uninstaller. This v
pub/bwpluginas2/6.0.0/doc/html/installation/plugin-uninstalling-update-site.htm,1,3,2,SIMPLE,,Uninstalling the Plug-in by Using the Public Update Site or Local Update Site,,Platform Step Microsoft Windows Click Start > All Programs > TIBCO > TIBCO_HOME > TIBCO Business Studio <studio_version>
pub/bwpluginas2/6.0.0/doc/html/users-guide/business-studio-overview.htm,1,7,2,CODE_IN_CELL|IMAGE_IN_CELL|LIST_IN_CELL,,Overview of TIBCO Business Studio for BusinessWorks,,"UI Element Description Menu Contains menu items such as File, Edit, Navigate, Search, Project, Run, Window, and Help. To"
pub/bwpluginas2/6.0.0/doc/html/users-guide/configurations-for-project.htm,1,5,2,CODE_IN_CELL|LIST_IN_CELL|MULTI_PARAGRAPH,,Configurations for XX,,"Activity Description Put Stores a batch of tuples into the space. If an error occurs during the Put operation, the group"
pub/bwpluginas2/6.0.0/doc/html/users-guide/connection-resource.htm,1,4,3,SIMPLE,,General,,Property Module Property? Yes/No Description Package No The name of the package in which you want to create a shared res
pub/bwpluginas2/6.0.0/doc/html/users-guide/connection-resource.htm,2,10,3,MULTI_PARAGRAPH|NOTE_OR_ADMONITION,HIGH_RISK — confirmed silent content loss,Keystore Details,,Property Module Property? Yes/No Description Keystore Type None The type of the keystore. Select JKS: Java keystore as t
pub/bwpluginas2/6.0.0/doc/html/users-guide/connection-resource.htm,3,6,3,SIMPLE,,Signing and Encryption Keystore Configuration,,Property Module Property? Yes/No Description Signing Keystore Type Yes The type of the keystore. Select JKS: Java keysto
pub/bwpluginas2/6.0.0/doc/html/users-guide/connection-resource.htm,4,6,3,SIMPLE,,Signing and Encryption Keystore Configuration,,Property Module Property? Yes/No Description Encryption Keystore Type Yes The type of the keystore. Select JKS: Java key
pub/bwpluginas2/6.0.0/doc/html/users-guide/connection-resource.htm,5,5,3,SIMPLE,,Signing and Encryption Aliases,,Property Module Property? Yes/No Description Signing Key Alias Name Yes The type of the keystore. Select JKS: Java keyst
pub/bwpluginas2/6.0.0/doc/html/users-guide/error-codes.htm,1,4,5,SIMPLE,,Error Codes,,"Error code and error message Role Category Description Solution ""TIBCO-BW-PALETTE-AS2-500001 This is an error message an"
pub/bwpluginas2/6.0.0/doc/html/users-guide/log-levels.htm,1,6,2,SIMPLE,,Log Levels,,Property Description Trace Includes all information regarding the running process. Debug Indicates a developer-defined t
pub/bwpluginas2/6.0.0/doc/html/users-guide/palette-activity-as2-encoder.htm,1,3,3,SIMPLE,,General,,Property Module Property? Yes/No Description Name No The name to be displayed as the label for the shared resource in th
pub/bwpluginas2/6.0.0/doc/html/users-guide/palette-activity-as2-encoder.htm,2,2,3,SIMPLE,,Input,,Input Item Data Type Description inputPayload string The message body of the request from the upstream or input data for
pub/bwpluginas2/6.0.0/doc/html/users-guide/palette-activity-as2-encoder.htm,3,2,3,SIMPLE,,Output,,Output Item Data Type Description encryptedMessage binary The message that is encoded in binary format.
pub/bwpluginas2/6.0.0/doc/html/users-guide/palette-activity-as2-encoder.htm,4,3,3,SIMPLE,,Fault,,Error Schema Element Data Type Description msg string The error message returned by the plug-in. msgCode string The erro
pub/bwpluginas2/6.0.0/doc/html/users-guide/palette-activity-as2-encoder.htm,5,2,2,SIMPLE,,Fault,,Fault Generated When AS2PluginException Any exception occurs during the activity execution.
pub/bwpluginas2/6.0.0/doc/html/users-guide/palette-activity2.htm,1,3,3,SIMPLE,,General,,Property Module Property? Yes/No Description Name No The name to be displayed as the label for the shared resource in th
pub/bwpluginas2/6.0.0/doc/html/users-guide/palette-activity2.htm,2,2,3,SIMPLE,,Input,,Input Item Data Type Description encryptedMessage binary The message that is encoded in binary format.
pub/bwpluginas2/6.0.0/doc/html/users-guide/palette-activity2.htm,3,2,3,SIMPLE,,Output,,Output Item Data Type Description decryptedMessage string The message that is decoded in string format.
pub/bwpluginas2/6.0.0/doc/html/users-guide/palette-activity2.htm,4,3,3,SIMPLE,,Fault,,Error Schema Element Data Type Description msg string The error message returned by the plug-in. msgCode string The erro
pub/bwpluginas2/6.0.0/doc/html/users-guide/palette-activity2.htm,5,2,2,SIMPLE,,Fault,,Fault Generated When AS2PluginException Any exception occurs during the activity execution.
pub/bwpluginacs/6.0.0/doc/html/installation/installation-modes.htm,1,4,3,SIMPLE,,Installation Modes and Procedures,,"Installation Mode Description Reference GUI In GUI mode, the installer contains panels where you can select a product, p"
pub/bwpluginacs/6.0.0/doc/html/installation/installation-troubleshooting.htm,1,4,2,SIMPLE,,Troubleshooting Installation,,Platform Location Microsoft Windows C:\Users\ username \.TIBCO\ install_timestamp Linux user_home_dir /.TIBCO/ install_t
pub/bwpluginacs/6.0.0/doc/html/installation/plugin-adding-to-bwce.htm,1,2,2,LIST_IN_CELL,,Adding the Plug-in to TIBCO BusinessWorks™ Container Edition,,Platform Reference Docker or Docker-based platforms Application Development for Docker section: Creating the TIBCO Busin
pub/bwpluginacs/6.0.0/doc/html/installation/plugin-installation-components.htm,1,3,2,MULTI_PARAGRAPH|NOTE_OR_ADMONITION,HIGH_RISK — confirmed silent content loss,Installation Components and Profiles,,Component Description TIBCO ActiveMatrix BusinessWorks™ Plug-in for Azure Cloud Services (Azure Data Lake Storage Gen2) 
pub/bwpluginacs/6.0.0/doc/html/installation/plugin-installation-environment.htm,1,4,2,SIMPLE,,Installation Environment,,Property Description Directory Identifies the directory where the product is installed. TIBCO_HOME It is the top-level i
pub/bwpluginacs/6.0.0/doc/html/installation/plugin-installation-requirements.htm,1,4,2,SIMPLE,,Installation Account and Permission Requirements,,Platform Account Privileges Microsoft Windows Only users with administrator privileges can install the plug-in. If you d
pub/bwpluginacs/6.0.0/doc/html/installation/plugin-installation-requirements.htm,2,3,2,MULTI_PARAGRAPH,,Software Requirements,,Software Description TIBCO ActiveMatrix BusinessWorks™ Required. ActiveMatrix BusinessWorks supports your integration pr
pub/bwpluginacs/6.0.0/doc/html/installation/plugin-installation-update-sites.htm,1,4,3,SIMPLE,,Installing by Using an Update Site,,Installation method Description Reference Public update site You can install the plug-in from within TIBCO Business Stud
pub/bwpluginacs/6.0.0/doc/html/installation/plugin-installing-local-update-site.htm,1,3,2,SIMPLE,,Installing the Plug-in by Using a Local Update Site or Directory,,Platform Step Microsoft Windows Click Start > All Programs > TIBCO > TIBCO_HOME > TIBCO Business Studio <version> > Stud
pub/bwpluginacs/6.0.0/doc/html/installation/plugin-installing-plugins-manager.htm,1,3,2,SIMPLE,,Installing the Plug-in by Using BusinessWorks Plug-ins Manager,,Platform Step Microsoft Windows Click Start > All Programs > TIBCO > TIBCO_HOME > TIBCO Business Studio <version> > Stud
pub/bwpluginacs/6.0.0/doc/html/installation/plugin-installing-public-update-site.htm,1,3,2,SIMPLE,,Installing the Plug-in by Using the Public Update Site,,Platform Step Microsoft Windows Click Start > All Programs > TIBCO > TIBCO_HOME > TIBCO Business Studio <version> > Stud
pub/bwpluginacs/6.0.0/doc/html/installation/plugin-installing-silent-mode.htm,1,1,3,FAKE_LIST,,,,
pub/bwpluginacs/6.0.0/doc/html/installation/plugin-installing-silent-mode.htm,2,1,3,FAKE_LIST,,,,
pub/bwpluginacs/6.0.0/doc/html/installation/plugin-uninstallation-update-sites.htm,1,3,3,SIMPLE,,Uninstalling by Using an Update Site,,Uninstallation method Description Reference Uninstall using the public update site You can uninstall the plug-in from wi
pub/bwpluginacs/6.0.0/doc/html/installation/plugin-uninstalling-gui-mode.htm,1,3,2,SIMPLE,,Uninstalling in GUI Mode,,Option Description Custom Uninstall You can select the products to be removed. Typical Uninstall You cannot select the p
pub/bwpluginacs/6.0.0/doc/html/installation/plugin-uninstalling-plugins-manager.htm,1,3,2,SIMPLE,,Uninstalling the Plug-in by Using BusinessWorks Plug-ins Manager,,Platform Step Microsoft Windows Click Start > All Programs > TIBCO > TIBCO_HOME > TIBCO Business Studio <version> > Stud
pub/bwpluginacs/6.0.0/doc/html/installation/plugin-uninstalling-silent-mode.htm,1,5,2,CODE_IN_CELL,,Uninstalling in Silent Mode,,Command-Line Options Description uninstallTIBCOHome The path to TIBCO_HOME where you want to run the uninstaller. This v
pub/bwpluginacs/6.0.0/doc/html/installation/plugin-uninstalling-update-site.htm,1,3,2,SIMPLE,,Uninstalling the Plug-in by Using the Public Update Site or Local Update Site,,Platform Step Microsoft Windows Click Start > All Programs > TIBCO > TIBCO_HOME > TIBCO Business Studio <version> > Stud
pub/bwpluginacs/6.0.0/doc/html/users-guide/business-studio-overview.htm,1,7,2,CODE_IN_CELL|IMAGE_IN_CELL|LIST_IN_CELL,,Overview of TIBCO Business Studio for BusinessWorks,,"UI Element Description Menu Contains menu items such as File, Edit, Navigate, Search, Project, Run, Window, and Help. To"
pub/bwpluginacs/6.0.0/doc/html/users-guide/connection-resource.htm,1,4,3,SIMPLE,,General,,Property Module Property? Description Package No The name of the package where the shared resource is added. Name No The
pub/bwpluginacs/6.0.0/doc/html/users-guide/connection-resource.htm,2,10,3,CODE_IN_CELL|MULTI_PARAGRAPH|NOTE_OR_ADMONITION,HIGH_RISK — confirmed silent content loss,Azure Connection Resource Configuration,,"Property Module Property? Description Authentication Type No Select authentication mechanism. In this version, the OAuth"
pub/bwpluginacs/6.0.0/doc/html/users-guide/create-palette-activity.htm,1,5,3,CODE_IN_CELL|LIST_IN_CELL|MULTI_PARAGRAPH|NOTE_OR_ADMONITION,HIGH_RISK — confirmed silent content loss,General,,Property Module Property? Description Name No Specify the name to be displayed as the label for the activity in the proc
pub/bwpluginacs/6.0.0/doc/html/users-guide/create-palette-activity.htm,2,2,3,SIMPLE,,Input,,Create FileSystem Input Item Data Type Description fileSystemName String Specify the name of the file system.
pub/bwpluginacs/6.0.0/doc/html/users-guide/create-palette-activity.htm,3,4,3,CODE_IN_CELL,,Input,,Create Directory Input Item Data Type Description fileSystemName String Specify the name of the file system. directoryPa
pub/bwpluginacs/6.0.0/doc/html/users-guide/create-palette-activity.htm,4,14,3,CODE_IN_CELL|LIST_IN_CELL|MULTI_PARAGRAPH|NOTE_OR_ADMONITION,HIGH_RISK — confirmed silent content loss,Input,,Upload File Input Item Data Type Description fileSystemName String Specify the name of the file system. directoryPath St
pub/bwpluginacs/6.0.0/doc/html/users-guide/create-palette-activity.htm,5,4,3,MULTI_PARAGRAPH|NOTE_OR_ADMONITION,HIGH_RISK — confirmed silent content loss,Input,,Acquire Lease Input Item Data Type Description fileSystemName String Specify the file system to which the lease must be 
pub/bwpluginacs/6.0.0/doc/html/users-guide/create-palette-activity.htm,6,2,3,SIMPLE,,Output,,Create FileSystem Output Item Data Type Description fileSystemName String Displays the name of the file system.
pub/bwpluginacs/6.0.0/doc/html/users-guide/create-palette-activity.htm,7,3,3,SIMPLE,,Output,,Create Directory Output Item Data Type Description fileSystemName String Displays the name of the file system. directory
pub/bwpluginacs/6.0.0/doc/html/users-guide/create-palette-activity.htm,8,3,3,SIMPLE,,Output,,Upload File Output Item Data Type Description fileSystemName String Displays the name of the file system. filePath Strin
pub/bwpluginacs/6.0.0/doc/html/users-guide/create-palette-activity.htm,9,4,3,SIMPLE,,Output,,Acquire Lease Output Item Data Type Description fileSystemName String Displays the name of the file system on which the 
pub/bwpluginacs/6.0.0/doc/html/users-guide/create-palette-activity.htm,10,10,3,MERGED_CELLS,,Fault,,Error Schema Element Data Type Description AzureDLS2PluginException msg String The error message returned during an Azur
pub/bwpluginacs/6.0.0/doc/html/users-guide/creating-a-project.htm,1,3,2,CODE_IN_CELL,,Creating a Project,,Platform Step Microsoft Windows Click Start > All Programs > TIBCO > TIBCO_HOME > TIBCO Business Studio <version> > Stud
pub/bwpluginacs/6.0.0/doc/html/users-guide/delete-palette-activity.htm,1,4,3,CODE_IN_CELL|LIST_IN_CELL|MULTI_PARAGRAPH,,General,,Property Module Property? Description Name No The name displayed as the label for the activity in the process. Azure Con
pub/bwpluginacs/6.0.0/doc/html/users-guide/delete-palette-activity.htm,2,3,3,SIMPLE,,Input,,Delete FileSystem Input Item Data Type Description fileSystemName String Specify the name of the file system location to
pub/bwpluginacs/6.0.0/doc/html/users-guide/delete-palette-activity.htm,3,5,3,SIMPLE,,Input,,Delete Directory Input Item Data Type Description fileSystemName String Specify the file system name of the directory to
pub/bwpluginacs/6.0.0/doc/html/users-guide/delete-palette-activity.htm,4,3,3,MULTI_PARAGRAPH|NOTE_OR_ADMONITION,HIGH_RISK — confirmed silent content loss,Input,,Break Lease Input Item Data Type Description fileSystemName String Specify the file system name where the lease must be 
pub/bwpluginacs/6.0.0/doc/html/users-guide/delete-palette-activity.htm,5,3,3,SIMPLE,,Output,,Delete FileSystem Output Item Data Type Description fileSystemName String Displays the name of the deleted file system. 
pub/bwpluginacs/6.0.0/doc/html/users-guide/delete-palette-activity.htm,6,4,3,SIMPLE,,Output,,Delete Directory Output Item Data Type Description fileSystemName String Displays the file system name. directoryPath St
pub/bwpluginacs/6.0.0/doc/html/users-guide/delete-palette-activity.htm,7,4,3,SIMPLE,,Output,,Break Lease Output Item Data Type Description fileSystemName String Displays the file system name where the lease is bro
pub/bwpluginacs/6.0.0/doc/html/users-guide/delete-palette-activity.htm,8,10,3,MERGED_CELLS,,Fault,,Error Schema Element Data Type Description AzureDLS2PluginException msg String The error message returned during an Azur
pub/bwpluginacs/6.0.0/doc/html/users-guide/error-codes.htm,1,6,5,SIMPLE,,Error Codes,,Error code and error message Role Category Description Solution TIBCO-BW-PALETTE-AZCS-500001 -Exception occurred while i
pub/bwpluginacs/6.0.0/doc/html/users-guide/importing-sample-projects.htm,1,3,2,CODE_IN_CELL,,Importing ADLS_Gen2_SampleProject Project,,Platform Step Microsoft Windows Click Start > All Programs > TIBCO > TIBCO_ HOME > TIBCO Business Studio <version> > Stu
pub/bwpluginacs/6.0.0/doc/html/users-guide/log-levels.htm,1,6,2,SIMPLE,,Log Levels,,Property Description Trace Includes all information regarding the running process. Debug Indicates a developer-defined t
pub/bwpluginacs/6.0.0/doc/html/users-guide/read-palette-activity.htm,1,5,3,CODE_IN_CELL|LIST_IN_CELL|MULTI_PARAGRAPH|NOTE_OR_ADMONITION,HIGH_RISK — confirmed silent content loss,General,,Property Module Property? Description Name No The name displayed as the label for the activity in the process. Azure Con
pub/bwpluginacs/6.0.0/doc/html/users-guide/read-palette-activity.htm,2,3,3,SIMPLE,,Input,,List FileSystems Input Item Data Type Description timeout Integer Specify the request timeout. prefix String Filter the 
pub/bwpluginacs/6.0.0/doc/html/users-guide/read-palette-activity.htm,3,5,3,MULTI_PARAGRAPH,,Input,,List Directories Input Item Data Type Description fileSystemName String Specify the file system name. directoryPath Stri
pub/bwpluginacs/6.0.0/doc/html/users-guide/read-palette-activity.htm,4,4,3,SIMPLE,,Input,,Get Properties Input Item Data Type Description fileSystemName String Specify the file system name. directoryPath String
pub/bwpluginacs/6.0.0/doc/html/users-guide/read-palette-activity.htm,5,20,3,CODE_IN_CELL|MULTI_PARAGRAPH|NOTE_OR_ADMONITION,HIGH_RISK — confirmed silent content loss,Input,,Download File Input Item Data Type Description fileSystemName String Specify the file system name. filePath String Speci
pub/bwpluginacs/6.0.0/doc/html/users-guide/read-palette-activity.htm,6,11,3,SIMPLE,,Output,,List FileSystems Output Item Data Type Description name String Displays the name of the file system. version String Disp
pub/bwpluginacs/6.0.0/doc/html/users-guide/read-palette-activity.htm,7,13,3,SIMPLE,,Output,,List Directories Output Item Data Type Description fileSystemName String Displays the file system name. directoryPath St
pub/bwpluginacs/6.0.0/doc/html/users-guide/read-palette-activity.htm,8,33,3,SIMPLE,,Output,,Get Properties Output Item Data Type Description fileSystemName String Displays the file system name. directoryPath Stri
pub/bwpluginacs/6.0.0/doc/html/users-guide/read-palette-activity.htm,9,33,3,CODE_IN_CELL|MULTI_PARAGRAPH|NOTE_OR_ADMONITION,HIGH_RISK — confirmed silent content loss,Output,,Download File Output Item Data Type Description accessTier String Displays the access tier. accessTierChangeTime String 
pub/bwpluginacs/6.0.0/doc/html/users-guide/read-palette-activity.htm,10,10,3,MERGED_CELLS,,Fault,,Error Schema Element Data Type Description AzureDLS2PluginException msg String The error message returned during an Azur
pub/bwpluginacs/6.0.0/doc/html/users-guide/update-palette-activity.htm,1,5,3,CODE_IN_CELL|LIST_IN_CELL|MULTI_PARAGRAPH|NOTE_OR_ADMONITION,HIGH_RISK — confirmed silent content loss,General,,Property Module Property? Description Name No The name displayed as the label for the activity in the process. Azure Con
pub/bwpluginacs/6.0.0/doc/html/users-guide/update-palette-activity.htm,2,14,3,MULTI_PARAGRAPH|NOTE_OR_ADMONITION,HIGH_RISK — confirmed silent content loss,Input,,Update ACL Input Item Data Type Description fileSystemName String Name of the file system. directoryPath String The dire
pub/bwpluginacs/6.0.0/doc/html/users-guide/update-palette-activity.htm,3,7,3,CODE_IN_CELL|MULTI_PARAGRAPH|NOTE_OR_ADMONITION,HIGH_RISK — confirmed silent content loss,Input,,Update File Input Item Data Type Description fileSystemName String Specify the name of the file system. filepath String 
pub/bwpluginacs/6.0.0/doc/html/users-guide/update-palette-activity.htm,4,3,3,SIMPLE,,Output,,Update File Output Item Data Type Description fileSystemName String Displays the name of the updated file. The filePath 
pub/bwpluginacs/6.0.0/doc/html/users-guide/update-palette-activity.htm,5,3,3,SIMPLE,,Output,,Update ACL Output Item Data Type Description fileSystemName String Displays the file system name of the updated director
pub/bwpluginacs/6.0.0/doc/html/users-guide/update-palette-activity.htm,6,10,3,MERGED_CELLS,,Fault,,Error Schema Element Data Type Description AzureDLS2PluginException msg String The error message returned during an Azur
